Name,Tier,Type,Description,Motives and Tactics,Difficulty,Thresholds,HP,Stress,ATK,Attack,Range,Damage,Experience,Feature 1 Name,Feature 1 Text,Feature 2 Name,Feature 2 Text,Feature 3 Name,Feature 3 Text,Feature 4 Name,Feature 4 Text,Feature 5 Name,Feature 5 Text,Feature 6 Name,Feature 6 Text,Feature 7 Name,Feature 7 Text
Acid Burrower,1,Solo,A horse-sized insect with digging claws and acidic blood.,"Burrow, drag away, feed, reposition",14,8/15,8,3,+3,Claws,Very Close,1d12+2 phy,Tremor Sense +2,Relentless (3),The Burrower can be spotlighted up to three times per GM turn. Spend Fear as usual to spotlight them.,Earth Eruption,"Mark a Stress to have the Burrower burst out of the ground. All creatures within Very Close range must succeed on an Agility Reaction Roll or be knocked over, making them Vulnerable until they next act.",Spit Acid,"Make an attack against all targets in front of the Burrower within Close range. Targets the Burrower succeeds against take 2d6 physical damage and must mark an Armor Slot without receiving its benefi ts (they can still use armor to reduce the damage). If they can’t mark an Armor Slot, they must mark an additional HP and you gain a Fear.",Acid Bath,"When the Burrower takes Severe damage, all creatures within Close range are bathed in their acidic blood, taking 1d10 physical damage. This splash covers the ground within Very Close range with blood, and all creatures other than the Burrower who move through it take 1d6 physical damage.",,,,,,
Ahuizotl,1,Skulk,A doglike ambush predator that has a clawed hand on the end of a long prehensile tail and drags victims into rivers to drown them.,"Ambush, drown, restrain",12,5/9,4,3,+2,Bite,Melee,1d6+2 phy,"Stealth +2, Swimming +2",Aquatic Attacker,"When the Ahuizotl attacks from the water, it has advantage on the attack and deals an extra 1d6 damage.",Tail Swat,"Mark a Stress to make an attack against a target within Very Close range. On a success, deal 1d8+2 physical damage.",Drag and Bag,"Spend a Fear to have the Ahuizotl grab a target within Close range with its tail, pull the target into Melee range, and temporarily Restrain them. The Ahuizotl has advantage on attacks against targets Restrained in this way.",,,,,,,,
Atototl,1,Standard,A majestic green water bird that has a ten-foot wingspan and is hunted for the fortune-telling stone inside their stomach.,"Avoid, escape, misdirect",12,8/12,5,3,+1,Talons,Melee,1d8+1 phy,"Flight +3, Jungles +3",Wind Lord,"While the Atototl is fl ying, attacks against it is made with disadvantage.",Stone of Omens,"Inside the Atototl is a stone that foretells good or ill fortune, depending on its color. A PC who searches the Atototl’s remains fi nds the stone and makes a fate roll. On an even result, the PC gains Hope equal to half the result, which they can distribute among the PCs however they wish. On an odd result, you gain Fear equal to half the result.",Archer’s Bane,"When a creature beyond Very Close range would deal damage to the Atototl with a weapon attack, you can spend a Fear to make an attack roll against them. On a success, whirling winds refl ect the attack and deal the attacker’s damage back to them.",,,,,,,,
Bear,1,Bruiser,A large bear with thick fur and powerful claws.,"Climb, defend territory, pummel, track",14,9/17,7,2,+1,Claws,Melee,1d8+3 phy,"Ambusher +3, Keen Senses +2",Overwhelming Force,Targets who mark HP from the Bear’s standard attack are knocked back to Very Close range.,Bite,"Mark a Stress to make an attack against a target within Melee range. On a success, deal 3d4+10 physical damage and the target is Restrained until they break free with a successful Strength Roll.",Momentum,"When the Bear makes a successful attack against a PC, you gain a Fear. Daggerheart SRD 97",,,,,,,,
Bugboar,1,Bruiser,A large bipedal creature that has a tusked snout and coarse fur.,"Ambush, bully, seek carnage and shiny things",13,8/15,5,3,+1,Spiked Mace,Very Close,1d8+6 phy,Traps +3,Surprise!,"If the Bugboar makes its fi rst attack in a scene before it’s marked HP or Stress, it has advantage on the attack and deals an extra 1d8 damage.",Brutal,"When the Bugboar makes a successful standard attack, you can mark a Stress to deal an extra 1d6 damage.",Warheart,"When a condition would be imposed on the Bugboar, you can spend a Fear to negate it.",,,,,,,,
Cave Ogre,1,Solo,A massive humanoid who sees all sapient life as food.,"Bite off heads, feast, rip limbs, stomp,",13,8/15,8,3,+1,Club,Very Close,1d10+2 phy,Throw +2,Ramp Up,"You must spend a Fear to spotlight the Ogre. While spotlighted, they can make their standard attack against all targets within range.",Bone Breaker,The Ogre’s attacks deal direct damage.,Hail of Boulders,"Mark a Stress to pick up heavy objects and throw them at all targets in front of the Ogre within Far range. Make an attack against these targets. Targets the Ogre succeeds against take 1d10+2 physical damage. If they succeed against more than one target, you gain a Fear.",Rampaging Fury,"When the Ogre marks 2 or more HP, they can rampage. Move the Ogre to a point within Close range and deal 2d6+3 direct physical damage to all targets in their path.",,,,,,
Common Ruffian,1,Standard,A local laborer or artisan pushed by circumstances to assail others.,"Do violence, seek security and survival",12,6/10,4,4,+0,Improvised Weapon,Melee,1d8 phy,Desperate +3,Group Attack,"Spend a Fear to choose a target and spotlight all Ruffi ans within Close range of them. The Ruffi ans move into Melee range of the target and make one shared attack roll. On a success, they deal 1d8 physical damage each. Combine this damage.",Survival Instinct,"When the Ruffi an marks half their HP, roll a d6. On a result of 4 or higher, the Ruffi an fl ees the scene. Otherwise, you gain a Fear. 98 Daggerheart SRD",,,,,,,,,,
Construct,1,Solo,"A roughly humanoid being of stone and steel, assembled and animated by magic.","Destroy environment, serve creator, smash",13,7/15,9,4,+4,Fist Slam,Melee,1d20 phy,Socialite +3,Relentless (2),The Construct can be spotlighted up to two times per GM turn. Spend Fear as usual to spotlight them.,Weak Structure,"When the Construct marks HP from physical damage, they must mark an additional HP.",Trample,Mark a Stress to make an attack against all targets in the Construct’s path when they move. Targets the Construct succeeds against take 1d8 physical damage.,Overload,"Before rolling damage for the Construct’s attack, you can mark a Stress to gain a +10 bonus to the damage roll. The Construct can then take the spotlight again.",Death Quake,"When the Construct marks their last HP, the magic powering them ruptures in an explosion of force. Make an attack with advantage against all targets within Very Close range. Targets the Construct succeeds against take 1d12+2 magic damage. COURTIER Tier  Social An ambitious and ostentatiously dressed socialite. Motives & Tactics: Discredit, gain favor, maneuver, scheme Diffi culty: 12 | Thresholds: 4/8 | HP: 3 | Stress: 4 ATK: −4 | Daggers: Melee | 1d4+2 phy Experience: Socialite +3 FEATURES",Mockery,"Mark a Stress to say something mocking and force a target within Close range to make a Presence Reaction Roll (14) to see if they can save face. On a failure, the target must mark 2 Stress and is Vulnerable until the scene ends.",Scapegoat,Spend a Fear and target a PC. The Courtier convinces a crowd or prominent individual that the target is the cause of their current confl ict or misfortune.
Darkweave Crawler,1,Minion,"A spider the size of a human head, woven out of shadow-silk.","Hide in shadow, strike the unwary, wait for an",10,None,1,1,–2,Bite,Melee,2 phy,Darkness +3,Minion (3),"The Crawler is defeated when it takes any damage. For every 3 damage a PC deals to the Crawler, the PC defeats an additional Minion within range the attack would succeed against.",Skin-Crawling,Spend a Fear to force all PCs within Melee range of the Crawler to mark a Stress.,Group Attack,"Spend a Fear to choose a target and spotlight all Darkweave Crawlers within Close range of them. Those Minions move into Melee range of the target and make one shared attack roll. On a success, they deal 2 physical damage each. Combine this damage.",Darkweave Venom,"When the Crawler makes a successful attack, you can mark a Stress to Exhaust the target until they succeed on a Strength Roll (9). While Exhausted, the target must mark a Stress each time they make an action roll.",,,,,,
Darkweave Queen,1,Solo,A wagon-sized spider woven from shadow-silk by a long-forgotten god. Each of her many eyes bears the face of a diff erent victim.,"Ambush prey, climb the walls and ceiling,",14,8/15,9,4,+3,Spider Bite,Very Close,1d12+4 phy,"Giant-Sized +3, Hunter +3",Relentless (3),The Queen can be spotlighted up to three times per GM turn. Spend Fear as usual to spotlight her.,Terrifying,"When a PC fails an attack roll against the Queen, you gain a Fear.",Den Mother,"Once per scene, spend 2 Fear to summon up to two Darkweave adversaries (other than Darkweave Queens), who appear within Close range and immediately take the spotlight.",Quicker Than She Looks,Spend a Fear to move up to Far range and make a standard attack with advantage.,Darkfang Envenomation,"When the Queen succeeds on a standard attack, you can spend a Fear to make the target Vulnerable and Restrained until they succeed on a Strength Roll (12) or take a rest.",,,,
Darkweave Spinner,1,Standard,A boar-sized arachnid woven from primordial shadow-silk.,"Bite, stick to the darkness",12,6/9,4,3,+1,Fangs,Melee,1d8+1 phy,"Holes +2, Webs +2",Wrap in Shadow-Silk,"Mark a Stress to make an attack against a target within Melee range. On a success, the target is Vulnerable and Restrained until they succeed on a Strength Roll (10).",Shadow Fang,"When the Spinner makes a successful attack against a target within Melee range, you can spend a Fear to make the target Shaky until they succeed on an Instinct Roll (10). While Shaky, the target has disadvantage on attack rolls. DARKWEAVE SWARMLINGS Tier  Horde (/HP) A teeming swarm of tiny spiders woven out of shadow-silk. Motives & Tactics: Burst out of holes, climb up legs, crawl into ears, scuttle under clothes Diffi culty: 9 | Thresholds: 4/8 | HP: 8 | Stress: 4 ATK: +0 | Nibble: Melee | 1d8 phy Experience: Climb +2 FEATURES",Horde (1d4),"When the Swarmlings have marked half or more of their HP, their standard attack deals 1d4 physical damage instead.","“Get ’em Off , Get ’em Off !”","When an attack from the Swarmlings causes a target to mark HP, you can mark a Stress to make the target temporarily Covered in Spiders. While Covered in Spiders, the target must roll a d6 when they make an action roll. On a result of 4 or higher, they must mark a Stress or you gain a Fear.",,,,,,
Deeproot Defender,1,Bruiser,A burly vegetable-person with grasping vines.,"Ambush, grab, protect, pummel",10,8/14,7,3,+2,Vines,Close,1d8+3 phy,Huge +3,Ground Slam,"Slam the ground, knocking all targets within Very Close range back to Far range. Each target knocked back this way must mark a Stress.",Grab and Drag,"Make an attack against a target within Close range. On a success, spend a Fear to pull them into Melee range, deal 1d6+2 physical damage, and Restrain them until the Defender takes Severe damage. Daggerheart SRD 99",,,,,,,,,,
Dire Wolf,1,Skulk,"A large wolf with menacing teeth, seldom encountered alone.","Defend territory, harry, protect pack,",12,5/9,4,3,+2,Claws,Melee,1d6+2 phy,Keen Senses +3,Pack Tactics,"If the Wolf makes a successful standard attack and another Dire Wolf is within Melee range of the target, deal 1d6+5 physical damage instead of their standard damage and you gain a Fear.",Hobbling Strike,"Mark a Stress to make an attack against a target within Melee range. On a success, deal 3d4+10 direct physical damage and make them Vulnerable until they clear at least 1 HP.",,,,,,,,,,
Elk,1,Skulk,A large deer.,"Bound away, graze, rut, sense danger",13,4/8,3,2,+0,Antlers,Melee,1d8+1 phy,"Keen Senses +3, Run +3",Headbutt,"When the Elk moves from Close range or farther before making a standard attack, it deals 1d12+2 physical damage instead of its standard damage.",Bolt,"When the Elk marks a HP or Stress, it must succeed on a Reaction Roll (10) or fl ee the scene.",,,,,,,,,,
Falcon,1,Skulk,"A bird of prey that has long, pointed wings and a notched beak.","Circle, clutch, dive, spy",12,5/8,3,3,+2,Talons,Melee,1d6+1 phy,"Keen Senses +4, Fly +3",Nimble Flyer,"While fl ying, the Falcon gains a +3 bonus to its Diffi culty.",Dive Bomb,Mark a Stress to make a standard attack against a target from above. The Falcon gains a +2 bonus to the attack and damage rolls. 100 Daggerheart SRD,,,,,,,,,,
Giant Rat,1,Minion,A cat-sized rodent skilled at scavenging and survival.,"Burrow, hunger, scavenge, wear down",10,None,1,1,−4,Claws,Melee,1 phy,Keen Senses +3,Minion (3),"The Rat is defeated when they take any damage. For every 3 damage a PC deals to the Rat, defeat an additional Minion within range the attack would succeed against.",Group Attack,"Spend a Fear to choose a target and spotlight all Giant Rats within Close range of them. Those Minions move into Melee range of the target and make one shared attack roll. On a success, they deal 1 physical damage each. Combine this damage.",,,,,,,,,,
Giant Scorpion,1,Bruiser,A human-sized arachnid with tearing claws and a stinging tail.,"Ambush, feed, grapple, poison",13,7/13,6,3,+1,Pincers,Melee,1d12+2 phy,Camoufl age +2,Double Strike,Mark a Stress to make a standard attack against two targets within Melee range.,Venomous Stinger,"Make an attack against a target within Very Close range. On a success, spend a Fear to deal 1d4+4 physical damage and Poison them until their next rest or they succeed on a Knowledge Roll (16). While Poisoned, the target must roll a d6 before they make an action roll. On a result of 4 or lower, they must mark a Stress.",Momentum,"When the Scorpion makes a successful attack against a PC, you gain a Fear.",,,,,,,,
Glass Snake,1,Standard,A clear serpent with a massive head that leaves behind a glass shard trail wherever they go.,"Climb, feed, keep distance, scare",14,6/10,5,3,+2,Glass Fangs,Very Close,1d8+2 phy,Traps +3,Armor-Shredding Shards,"After a successful attack against the Snake within Melee range, the attacker must mark an Armor Slot. If they can’t mark an Armor Slot, they must mark an HP.",Spinning Serpent,Mark a Stress to make an attack against all targets within Very Close range. Targets the Snake succeeds against take 1d6+1 physical damage.,Spitter,"Spend a Fear to introduce a d6 Spitter Die. When the Snake is in the spotlight, roll this die. On a result of 5 or higher, all targets in front of the Snake within Far range must succeed on an Agility Reaction Roll or take 1d4 physical damage. The Snake can take the spotlight a second time this GM turn. GRIMMLING WARBAND Tier  Horde (/HP) A cluster of small, strange creatures wearing armor fashioned from trash and stolen housewares. Motives & Tactics: Ambush, celebrate a little too early, hit and run, infi ght, sabotage, sow chaos Diffi culty: 12 | Thresholds: 5/11 | HP: 3 | Stress: 2 ATK: +1 | Tailor’s Shears: Melee | 1d8+2 phy Experience: Traps +3 FEATURES",Horde (1d4+1),"When the Warband has marked half or more of its HP, its standard attack deals 1d4+1 physical damage instead.",Cowardly,"When the Warband marks its last Stress or an allied Leader is defeated, roll a d6. On a result of 2 or lower, the Warband fl ees the scene.",,,,
Archer Guard,1,Ranged,A tall guard bearing a longbow and quiver with arrows fl etched in the settlement’s colors.,"Arrest, close gates, make it through the day,",10,4/8,3,2,+1,Longbow,Far,1d8+3 phy,Local Knowledge +3,Hobbling Shot,"Make an attack against a target within Far range. On a success, mark a Stress to deal 1d12+3 physical damage. If the target marks HP from this attack, they have disadvantage on Agility Rolls until they clear at least 1 HP.",,,,,,,,,,,,
Bladed Guard,1,Standard,An armored guard bearing a sword and shield painted in the settlement’s colors.,"Arrest, close gates, make it through the day,",12,5/9,5,2,+1,Longsword,Melee,1d6+1 phy,Local Knowledge +3,Shield Wall,"A creature who tries to move within Very Close range of the Guard must succeed on an Agility Roll. If additional Bladed Guards are standing in a line alongside the fi rst, and each is within Melee range of another guard in the line, the Diffi culty increases by the total number of guards in that line.",Detain,"Make an attack against a target within Very Close range. On a success, mark a Stress to Restrain the target until they break free with a successful attack, Finesse Roll, or Strength Roll.",,,,,,,,,,
Head Guard,1,Leader,"A seasoned guard with a mace, a whistle, and a bellowing voice.","Arrest, close gates, pin down, seek glory",15,7/13,7,3,+4,Mace,Melee,1d10+4 phy,"Commander +2, Local Knowledge +2",Rally Guards,Spend 2 Fear to spotlight the Head Guard and up to 2d4 allies within Far range.,On My Signal,"Countdown (5). When the Head Guard is in the spotlight for the fi rst time, activate the countdown. It ticks down when a PC makes an attack roll. When it triggers, all Archer Guards within Far range make a standard attack with advantage against the nearest target within their range. If any attacks succeed on the same target, combine their damage.",Momentum,"When the Head Guard makes a successful attack against a PC, you gain a Fear. Daggerheart SRD 101",,,,,,,,
Harpy,1,Skulk,A fi erce and foul-smelling bird with an eight-foot wingspan and the upper body and face of a human.,"Defend nest, drop enemies from a great",12,3/7,3,3,+0,Talons,Melee,1d8+1 phy,Islands +3,Toxic Aura,The Harpy emits a foul stench that renders all non-Harpies Vulnerable while within Very Close range.,Swooping Attack,"Mark a Stress to have the Harpy move in a straight line to a point within Far range and make an attack against a target in the Harpy’s path. On a success, the Harpy deals 3d6 physical damage.",,,,,,,,,,
Harrier,1,Standard,A nimble fi ghter armed with javelins.,"Flank, harry, kite, profi t",12,5/9,3,3,+1,Javelin,Close,1d6+2 phy,Camoufl age +2,Maintain Distance,"After making a standard attack, the Harrier can move anywhere within Far range.",Fall Back,"When a creature moves into Melee range to make an attack, you can mark a Stress before the attack roll to move anywhere within Close range and make an attack against that creature. On a success, deal 1d10+2 physical damage.",,,,,,,,,,
Jagged Knife Bandit,1,Standard,A cunning criminal in a cloak bearing one of the gang’s iconic knives.,"Escape, profi t, steal, throw smoke",12,8/14,5,3,+1,Daggers,Melee,1d8+1 phy,Thief +2,Climber,The Bandit climbs just as easily as they run.,From Above,"When the Bandit succeeds on a standard attack from above a target, they deal 1d10+1 physical damage instead of their standard damage. 102 Daggerheart SRD",,,,,,,,,,
Jagged Knife Kneebreaker,1,Bruiser,An imposing brawler carrying a large club.,"Grapple, intimidate, profi t, steal",12,7/14,7,4,−3,Club,Melee,1d4+6 phy,"Thief +2, Unveiled Threats +3",I’ve Got ’Em,Creatures Restrained by the Kneebreaker take double damage from attacks by other adversaries.,Hold Them Down,"Make an attack against a target within Melee range. On a success, the target takes no damage but is Restrained and Vulnerable. The target can break free, clearing both conditions, with a successful Strength Roll or is freed automatically if the Kneebreaker takes Major or greater damage.",,,,,,,,,,
Jagged Knife Lackey,1,Minion,"A thief with simple clothes and small daggers, eager to prove themselves.","Escape, profi t, throw smoke",9,None,1,1,−2,Daggers,Melee,2 phy,Thief +2,Minion (3),"The Lackey is defeated when they take any damage. For every 3 damage a PC deals to the Lackey, defeat an additional Minion within range the attack would succeed against.",Group Attack,"Spend a Fear to choose a target and spotlight all Jagged Knife Lackeys within Close range of them. Those Minions move into Melee range of the target and make one shared attack roll. On a success, they deal 2 physical damage each. Combine this damage.",,,,,,,,,,
Jagged Knife Lieutenant,1,Leader,A seasoned bandit in quality leathers with a strong voice and cunning eyes.,"Bully, command, profi t, reinforce",13,7/14,6,3,+2,Javelin,Close,1d8+3 phy,Local Knowledge +2,Tactician,"When you spotlight the Lieutenant, mark a Stress to also spotlight two allies within Close range.",More Where That Came From,"Summon three Jagged Knife Lackeys, who appear at Far range.",Coup de Grace,"Spend a Fear to make an attack against a Vulnerable target within Close range. On a success, deal 2d6+12 physical damage and the target must mark a Stress.",Momentum,"When the Lieutenant makes a successful attack against a PC, you gain a Fear.",,,,,,
Jagged Knife Shadow,1,Skulk,A nimble scoundrel bearing a wicked knife and utilizing shadow magic to isolate targets.,"Ambush, conceal, divide, profi t",12,4/8,3,3,+1,Daggers,Melee,1d4+4 phy,Intrusion +3,Backstab,"When the Shadow succeeds on a standard attack that has advantage, they deal 1d6+6 physical damage instead of their standard damage.",Cloaked,Become Hidden until after the Shadow’s next attack. Attacks made while Hidden from this feature have advantage.,,,,,,,,,,
Jagged Knife Sniper,1,Ranged,A lanky bandit striking from cover with a shortbow.,"Ambush, hide, profi t, reposition",13,4/7,3,2,−1,Shortbow,Far,1d10+2 phy,Stealth +2,Unseen Strike,"If the Sniper is Hidden when they make a successful standard attack against a target, they deal 1d10+4 physical damage instead of their standard damage.",,,,,,,,,,,,
Kelpie,1,Skulk,A river-dwelling shapeshifter who prefers an enchanting equine form in and out of the water.,"Adopt an attractive or useful shape, drown and",12,4/8,3,5,−2,Hooves,Very Close,1d8+2 phy,"Entanglement +3, Mind Reader +3",Captivating,A PC must mark a Stress to move out of the Kelpie’s Melee range.,Heart’s Desire,"After the Kelpie interacts with or watches a creature for at least a hundred heartbeats, the Kelpie knows the physical form that creature would fi nd most pleasing or alluring.",Shapeshifter,Mark a Stress to change the Kelpie’s physical form into any creature or object smaller than a wagon. A creature has disadvantage on rolls against the Kelpie while the Kelpie is in a form the creature fi nds pleasing or alluring.,Enchant,"Spend a Fear to have the Kelpie beguile a PC within Close range. The PC must succeed on an Instinct Reaction Roll or become Enchanted until they take damage. While Enchanted, the PC perceives the Kelpie as a trusted friend or ally and will do what the Kelpie says unless it contradicts the PC’s most deeply held morals.",,,,,,
Masque Muerte,1,Solo,The raging soul of a villainous masked wrestler.,"Call out, embarrass, energize the audience, pin",13,7/14,8,4,+4,Open-Handed Strike,Melee,1d12+2 mag,"Grappler +3, Showboat +3",Libre,The Masque Muerte can’t be Restrained.,Heel Turn,"Mark a Stress to make an attack against a PC within Close range. On a success, the target must mark a Stress and is temporarily Vulnerable as the Masque Muerte assaults them with a string of insulting taunts.",Spectral Suplex,"Spend a Fear to have the Masque Muerte suplex a Restrained PC, dealing 1d10+6 magic damage to them.",Unmasking Death,"Spend a Fear to have the Masque Muerte momentarily remove their mask, revealing their horrifying face underneath. Each PC within Close range must succeed on a Presence Reaction Roll or mark a Stress.",Tag Team,"When the Masque Muerte deals damage to a PC, you can spend a Fear to have a spectral wrestler appear and Pin the target until they escape with a successful Strength Roll. While Pinned, the target is Restrained and takes an extra 1d12 magic damage from the Masque Muerte’s attacks. Daggerheart SRD 103",,,,
Mechanorb,1,Standard,A fl oating clockwork sphere that has telescoping limbs and comes from a realm of machines and metal.,"Coordinate, (dis)assemble, move orthogonally,",12,5/10,4,3,+1,Needle,Melee,1d10+1 phy,Machines +2,Hive Mind,The Mechanorb gains a +1 bonus to their Diffi culty for each other Mechanorb within Close range.,Adaptive Tactics,"Pool. When the Mechanorb fails an attack roll, add a token to the Mechanorb Pool. All Mechanorbs in the scene gain a bonus to attack rolls equal to the number of tokens in the Mechanorb Pool. Clear all tokens when any Mechanorb takes Severe damage or is defeated. MERCHANT Tier  Social A fi nely dressed trader with a keen eye for fi nancial gain. Motives & Tactics: Buy low and sell high, create demand, infl ate prices, seek profi t Diffi culty: 12 | Thresholds: 4/8 | HP: 3 | Stress: 3 ATK: −4 | Club: Melee | 1d4+1 phy Experience: Shrewd Negotiator +3 FEATURES",Preferential Treatment,A PC who succeeds on a Presence Roll against the Merchant gains a discount on purchases. A PC who fails on a Presence Roll against the Merchant must pay more and has disadvantage on future Presence Rolls against the Merchant.,The Runaround,"When a PC rolls a 14 or lower on a Presence Roll made against the Merchant, they must mark a Stress.",,,,,,
Minor Chaos Elemental,1,Solo,A coruscating mass of uncontrollable magic.,"Confound, destabilize, transmogrify",14,7/14,7,3,+3,Warp Blast,Close,1d12+6 mag,,Arcane Form,The Elemental is resistant to magic damage.,Sickening Flux,Mark a HP to force all targets within Close range to mark a Stress and become Vulnerable until their next rest or they clear a HP.,Remake Reality,Spend a Fear to transform the area within Very Close range into a diff erent biome. All targets within this area take 2d6+3 direct magic damage.,Magical Refl ection,"When the Elemental takes damage from an attack within Close range, deal an amount of damage to the attacker equal to half the damage they dealt.",Momentum,"When the Elemental makes a successful attack against a PC, you gain a Fear. 104 Daggerheart SRD",,,,
Minor Fire Elemental,1,Solo,A living fl ame the size of a large bonfi re.,"Encircle enemies, grow in size, intimidate,",13,7/15,9,3,+3,Elemental Blast,Far,1d10+4 mag,,Relentless (2),The Elemental can be spotlighted up to two times per GM turn. Spend Fear as usual to spotlight them.,Scorched Earth,Mark a Stress to choose a point within Far range. The ground within Very Close range of that point immediately bursts into fl ames. All creatures within this area must make an Agility Reaction Roll. Targets who fail take 2d8 magic damage from the fl ames. Targets who succeed take half damage.,Explosion,Spend a Fear to erupt in a fi ery explosion. Make an attack against all targets within Close range. Targets the Elemental succeeds against take 1d8 magic damage and are knocked back to Far range.,Consume Kindling,"Three times per scene, when the Elemental moves onto objects that are highly fl ammable, consume them to clear a HP or a Stress.",Momentum,"When the Elemental makes a successful attack against a PC, you gain a Fear.",,,,
Minor Demon,1,Solo,"A crimson-hued creature from the Circles Below, consumed by rage against all mortals.","Act erratically, corral targets, relish pain,",14,8/15,8,4,+3,Claws,Melee,1d8+6 phy,,Relentless (2),The Demon can be spotlighted up to two times per GM turn. Spend Fear as usual to spotlight them.,All Must Fall,"When a PC rolls a failure with Fear while within Close range of the Demon, they lose a Hope.",Hellfi re,Spend a Fear to rain down hellfi re within Far range. All targets within the area must make an Agility Reaction Roll. Targets who fail take 1d20+3 magic damage. Targets who succeed take half damage.,Reaper,"Before rolling damage for the Demon’s attack, you can mark a Stress to gain a bonus to the damage roll equal to the Demon’s current number of marked HP.",Momentum,"When the Demon makes a successful attack against a PC, you gain a Fear.",,,,
Minor Treant,1,Minion,An ambulatory sapling rising up to defend their forest.,"Crush, overwhelm, protect",10,None,1,1,−2,Clawed Branch,Melee,4 phy,,Minion (),"The Treant is defeated when they take any damage. For every 5 damage a PC deals to the Treant, defeat an additional Minion within range the attack would succeed against.",Group Attack,"Spend a Fear to choose a target and spotlight all Minor Treants within Close range of them. Those Minions move into Melee range of the target and make one shared attack roll. On a success, they deal 4 physical damage each. Combine this damage.",,,,,,,,,,
Mountain Troll,1,Solo,A hideous giant born out of a massive rock. They wear purloined armor and a belt of severed heads or skulls.,"Ambush, bellow, hurl large boulders, smash,",14,8/15,8,3,+2,Skull Flail,Very Close,1d8+1 phy,Mountains +4,Relentless (3),The Troll can be spotlighted up to three times per GM turn. Spend Fear as usual to spotlight them.,Stolen Armor,"Countdown. When combat begins, activate a countdown with a value equal to the number of PCs. When the Troll takes damage, reduce the severity by one threshold, then tick down the countdown. When it triggers, the Troll evolves (see “Enraged Mountain Troll”).",Flail Swipe,"Mark a Stress to make an attack against all targets in front of the Troll within Very Close range. Targets the Troll succeeds against take 2d8+2 physical damage. Enraged Mountain Troll - Evolution: The Troll loses their “Stolen Armor” and “Flail Swipe” features, then gains a +1 bonus to their Diffi culty. Additionally, they gain the “Double Swipe” feature and replace “Skull Flail” with the following standard attack: Claw Swipe: Very Close | 1d10+3 phy",Double Swipe,"Spend a Fear to move up to Close range and make two standard attacks against a target within Melee range. If both attacks succeed, combine the damage, and the target loses a Hope.",,,,,,
Octopus,1,Skulk,"An aquatic, soft-bodied mollusk that has eight sucker-bearing arms and a hard, beaklike jaw.","Crawl along the ocean fl oor, eat fi sh, squirt ink",12,3/None,2,3,−1,Beak,Melee,1d6 phy,"Dexterity +3, Water +3",Grapple,"Make an attack roll against a target within Close range. On a success, the target becomes Restrained and Vulnerable until they escape with a successful Strength Roll.",Squirt Ink,"Mark a Stress to have the Octopus squirt ink. On land, the ink covers the ground within Very Close range. Each creature who moves through that area must succeed on an Agility Reaction Roll or slip and fall, becoming Vulnerable until they exit the area. If this feature is used while the Octopus is underwater, it instead creates a cloud of darkness that fi lls an area within Very Close range and blocks line of sight.",,,,,,,,,,
Green Ooze,1,Skulk,A moving mound of translucent green slime.,"Camoufl age, consume and multiply, creep up,",8,5/10,5,2,+1,Ooze Appendage,Melee,1d6+1 mag,Camoufl age +3,Slow,"When you spotlight the Ooze and they don’t have a token on their stat block, they can’t act yet. Place a token on their stat block and describe what they’re preparing to do. When you spotlight the Ooze and they have a token on their stat block, clear the token and they can act.",Acidic Form,"When the Ooze makes a successful attack, the target must mark an Armor Slot without receiving its benefi ts (they can still use armor to reduce the damage). If they can’t mark an Armor Slot, they must mark an additional HP.",Envelop,"Make a standard attack against a target within Melee range. On a success, the Ooze envelops them and the target must mark 2 Stress. The target must mark an additional Stress when they make an action roll. If the Ooze takes Severe damage, the target is freed.",Split,"When the Ooze has 3 or more HP marked, you can spend a Fear to split them into two Tiny Green Oozes (with no marked HP or Stress). Immediately spotlight both of them.",,,,,,
Tiny Green Ooze,1,Skulk,A small moving mound of translucent green slime.,"Camoufl age, creep up",14,4/None,2,1,−1,Ooze Appendage,Melee,1d4+1 mag,,Acidic Form,"When the Ooze makes a successful attack, the target must mark an Armor Slot without receiving its benefi ts (they can still use armor to reduce the damage). If they can’t mark an Armor Slot, they must mark an additional HP. Daggerheart SRD 105",,,,,,,,,,,,
Red Ooze,1,Skulk,A moving mound of translucent fl aming red slime.,"Camoufl age, consume and multiply, ignite,",10,6/11,5,3,+1,Ooze Appendage,Melee,1d8+3 mag,Camoufl age +3,Creeping Fire,The Ooze can only move within Very Close range as their normal movement. They light any fl ammable object they touch on fi re.,Ignite,"Make an attack against a target within Very Close range. On a success, the target takes 1d8 magic damage and is Ignited until they’re extinguished with a successful Finesse Roll (14). While Ignited, the target takes 1d4 magic damage when they make an action roll.",Split,"When the Ooze has 3 or more HP marked, you can spend a Fear to split them into two Tiny Red Oozes (with no marked HP or Stress). Immediately spotlight both of them.",,,,,,,,
Tiny Red Ooze,1,Skulk,A small moving mound of translucent fl aming red slime,"Blaze, camoufl age",11,5/None,2,1,−1,Ooze Appendage,Melee,1d4+2 mag,,Burning,"When a creature within Melee range deals damage to the Ooze, they take 1d6 direct magic damage.",,,,,,,,,,,,
Panther,1,Skulk,A large feline predator that stalks its prey from the shadows.,"Climb trees, pounce, stalk",14,5/10,4,3,+2,Teeth and Claws,Melee,1d8+1 phy,"Keen Senses +3, Slink +3",Shadow Stalker,"While Hidden, the Panther gains a +2 bonus to its attack rolls.",Pouncing Strike,"Mark a Stress to have the Panther leap into Melee range of a target within Far range and make an attack against them. On a success, deal 1d12+2 physical damage. 106 Daggerheart SRD",,,,,,,,,,
Phantom,1,Standard,The echo of a lost soul in the form of an ectoplasmic shadow.,"Create cold spots, swoop through the air,",11,5/None,2,1,−1,Chill Touch,Melee,1d6+2 mag,Spooky +3,Incorporeal,The Phantom has resistance to physical damage and can move through solid objects.,Fear Aura,A PC who takes the spotlight within Very Close range of the Phantom must succeed on a Presence Reaction Roll (10) or mark a Stress.,Lingering Haunt,"Countdown (1d6). When the Phantom is defeated, you can spend a Fear to activate the countdown. It ticks down when a PC rolls with Fear. When it triggers, clear the Phantom’s HP and immediately spotlight them.",,,,,,,,
Pirate Captain,1,Leader,"A charismatic sea dog with an impressive hat, eager to raid and plunder.","Command, make ’em walk the plank, plunder,",14,7/14,7,5,+4,Cutlass,Melee,1d12+2 phy,"Commander +2, Sailor +3",Swashbuckler,"When the Captain marks 2 or fewer HP from an attack within Melee range, the attacker must mark a Stress.",Reinforcements,"Once per scene, mark a Stress to summon a Pirate Raiders Horde, which appears at Far range.",No Quarter,"Spend a Fear to choose a target who has three or more Pirates within Melee range of them. The Captain leads the Pirates in hurling threats and promises of a watery grave. The target must make a Presence Reaction Roll. On a failure, the target marks 1d4+1 Stress. On a success, they must mark a Stress.",Momentum,"When the Captain makes a successful attack against a PC, you gain a Fear. PIRATE RAIDERS Tier  Horde (/HP) Seafaring scoundrels moving in a ravaging pack. Motives & Tactics: Gang up, plunder, raid Diffi culty: 12 | Thresholds: 5/11 | HP: 4 | Stress: 3 ATK: +1 | Cutlass: Melee | 1d8+2 phy Experience: Sailor +3 FEATURES",Horde (1d4+1),"When the Raiders have marked half or more of their HP, their standard attack deals 1d4+1 physical damage instead.",Swashbuckler,"When the Raiders mark 2 or fewer HP from an attack within Melee range, the attacker must mark a Stress.",,
Pirate Tough,1,Bruiser,A thickly muscled and tattooed pirate with melon-sized fi sts.,"Plunder, raid, smash, terrorize",13,8/15,5,3,+1,Massive Fists,Melee,2d6 phy,Sailor +2,Swashbuckler,"When the Tough marks 2 or fewer HP from an attack within Melee range, the attacker must mark a Stress.",Clear the Decks,"Make an attack against a target within Very Close range. On a success, mark a Stress to move into Melee range of the target, dealing 3d4 physical damage and knocking the target back to Close range.",,,,,,,,,,
Poltergeist,1,Ranged,"A baleful, translucent spirit that possesses inanimate objects.","Flicker candles, rattle chains, shake windows,",9,4/None,2,2,−1,Thrown Object,Far,1d6+3 phy,Spooky +3,Specter,The Poltergeist has resistance to physical damage. Mark a Stress to move up to Close range through solid objects.,Possessor,"Mark a Stress to have the Poltergeist inhabit a nonmagical object that is entirely within Close range, infusing the object with a ghostly glow. The next time the Poltergeist would take damage, the object is destroyed instead, and the Poltergeist is expelled from it.",Ghost Storm,"Spend a Fear to have the Poltergeist pull all unequipped nonmagical objects within Very Close range into a violent vortex. Each target in that area must make an Agility Reaction Roll. Targets who fail take 1d12+2 physical damage. Targets who succeed take half damage. RABBLE MAWB Tier  Horde (/HP) These cat-sized balls of hair, limbs, and teeth travel in a “mawb” of a dozen. Motives & Tactics: Chitter and chew, clump together, roll around Diffi culty: 8 | Thresholds: 4/8 | HP: 4 | Stress: 2 ATK: −2 | Chomp: Melee | 1d6+3 phy Experience: Underground +2 FEATURES",Horde (1d4+1),"When the Rabble Mawb has marked half or more of its HP, its standard attack deals 1d4+1 physical damage instead.",Come Back Worse,"When the Rabble Mawb is defeated, you can spend a Fear to bring it back to life, clearing all HP and Stress. The Rabble Mawb gains a bonus to all rolls equal to the number of times this feature has been used by this Rabble Mawb. REDCAP BITERS Tier  Horde (/HP) A troop of fi st-sized fey creatures who have needle-sharp teeth and conical red caps sealed on their heads with candle wax. Motives & Tactics: Bring ’em down, celebrate tiny victories, giggle and chitter, scamper between the walls Diffi culty: 10 | Thresholds: 6/11 | HP: 5 | Stress: 3 ATK: −1 | Gnash: Melee | 1d8+4 phy Experience: Nooks and Crannies +3 FEATURES",Horde (1d4+2),"When the Biters have marked half or more of their HP, their standard attack deals 1d4+2 physical damage instead.",Ankle Weights,A PC must mark a Stress to move out of the Biters’ Melee range. Daggerheart SRD 107
Redcap Breaker,1,Bruiser,"A large, brutish fey creature who has a conical red cap sealed on their head with candle wax.","Beat chest and bellow, ragdoll puny enemies,",13,8/15,6,3,+1,Wooden Mallet,Melee,1d12+2 phy,Bones +2,Backbreaker,"Mark a Stress to make an attack against a target within Melee range. On a success, deal 3d4+10 physical damage. A target who marks HP from this attack is Restrained until they clear a HP.",Kneecapper,"When the Breaker makes a successful standard attack, you can spend a Fear to make the target temporarily Vulnerable.",,,,,,,,,,
Redcap Butcher,1,Standard,A halfl ing-sized fey creature who hacks their victims apart with a variety of cutting implements. They wear a conical red hat sealed on their head with candle wax.,"Grin disconcertingly, hack and slash, scramble",12,5/10,4,3,+1,Meat Cleaver,Melee,1d8+1 phy,Scurry +2,Chop Happy,"Mark a Stress to make a standard attack against up to three targets. For each target who marks HP, you gain a Fear.",Knife Thrower,"Mark a Stress to make a standard attack against a target within Far range. If the Butcher is Hidden, they make the attack with advantage.",,,,,,,,,,
Redcap Candlemaker,1,Leader,"A pale, gaunt cult leader wearing a conical red cap sealed on their head with candle wax. They wield a long rod with a candle atop it made from a hanged criminal’s hand.","Cast long shadows, keep out of the fray, show",13,7/13,6,3,+3,Burning Candlestick,Very Close,1d10+2 mag,Vigilance +3,Hand of Glory,"When the Candlemaker appears, place 5 tokens on this stat block. Remove a token whenever the Candlemaker marks a HP. While this stat block has 1 or more tokens on it, the Candlemaker is Hidden.",Torchbearer,"The light of the Candlemaker’s Hand of Glory inspires bloodlust in their allies. While this stat block has 1 or more tokens on it, each Redcap adversary within Close range gains a +1 bonus to their damage rolls.",Dance in the Flames,Spend a token from this stat block. The Candlemaker conjures a ball of fi re on a group of PCs within Far range. Each target must make an Agility Reaction Roll. Targets who fail take 2d10 magic damage. Targets who succeed take half damage. 108 Daggerheart SRD,,,,,,,,
Redcap Skinner,1,Minion,A cat-sized fey creature wielding a straight razor and wearing a conical red cap sealed on their head with candle wax.,"Flense, giggle, scrape, slice",9,None,1,1,−1,Razor,Melee,2 phy,Leatherwork +3,Minion (4),"The Skinner is defeated when they take any damage. For every 4 damage a PC deals to the Skinner, the PC defeats an additional Minion within range the attack would succeed against.",Shallow Cuts,"When a PC fails a roll, they take 1 physical damage for each Skinner within Melee range of them. Combine this damage.",Group Attack,"Spend a Fear to choose a target and spotlight all Redcap Skinners within Close range of them. Those Minions move into Melee range of the target and make one shared attack roll. On a success, they deal 2 physical damage each. Combine this damage.",,,,,,,,
Rugaru,1,Solo,A wolf-headed humanoid cursed by the gods to prowl the swamps in search of blood.,"Blaspheme, go for the throat, stalk, terrorize",14,7/14,8,4,+4,Snapping Jaws,Melee,2d8+4 phy,Swamps +3,Relentless (3),The Rugaru can be spotlighted up to three times per GM turn. Spend Fear as usual to spotlight them.,Child of Night,"While in moonlight, the Rugaru gains a +2 bonus to their Diffi culty.",Bloodthirsty,"When a PC marks HP from the Rugaru’s standard attack, add a token to this stat block. The Rugaru gains a bonus to attack rolls equal to the number of tokens on this stat block. Clear all tokens when the Rugaru takes Severe damage.",Howl at the Moon,"Mark a Stress to force each PC within Far range to make a Presence Reaction Roll (15). Targets who fail lose a Hope. Gain a Fear for each Hope lost. If a PC has no Hope, they must mark a Stress and become Vulnerable until they roll with Hope.",Flesh Ripper,"Mark a Stress to make an attack against a target within Melee range. On a success, deal 1d12+2 direct physical damage.",,,,
Sawtoothed Gillbeast,1,Standard,A stocky fi sh creature that has rows of razor-sharp teeth.,"Clamber ashore, hit and run, peek above the",12,5/10,4,2,+1,Waterlogged Weaponry,Close,1d8+1 phy,Aquatic +2,Ka-Chomp,"Mark a Stress to attack a target within Melee range. On a success, the target takes 1d12 physical damage and must mark an Armor Slot without gaining its benefi t (they can still use armor to reduce the damage).",Feeding Frenzy,"When a creature marks HP, you can spend a Fear to spotlight all Sawtoothed Gillbeasts within Very Close range of them. Those Gillbeasts move into Melee range of the creature and each make a standard attack against them. If any attacks succeed, combine their damage.",Scaly,"When the Gillbeast would mark any number of HP, roll a d6. On a result of 6, you can mark a Stress instead.",,,,,,,,
Sellsword,1,Minion,An armed mercenary testing their luck.,"Charge, lacerate, overwhelm, profi t",10,None,1,1,+3,Longsword,Melee,3 phy,,Minion (4),"The Sellsword is defeated when they take any damage. For every 4 damage a PC deals to the Sellsword, defeat an additional Minion within range the attack would succeed against.",Group Attack,"Spend a Fear to choose a target and spotlight all Sellswords within Close range of them. Those Minions move into Melee range of the target and make one shared attack roll. On a success, they deal 3 physical damage each. Combine this damage.",,,,,,,,,,
Skeleton Archer,1,Ranged,A fragile skeleton with a shortbow and arrows.,"Perforate distracted targets, play dead, steal",9,4/7,3,2,+2,Shortbow,Far,1d8+1 phy,,Opportunist,"When two or more adversaries are within Very Close range of a creature, all damage the Archer deals to that creature is doubled.",Deadly Shot,"Make an attack against a Vulnerable target within Far range. On a success, mark a Stress to deal 3d4+8 physical damage.",,,,,,,,,,
Skeleton Dredge,1,Minion,A clattering pile of bones.,"Fall apart, overwhelm, play dead, steal skin",8,None,1,1,−1,Bone Claws,Melee,1 phy,,Minion (4),"The Dredge is defeated when they take any damage. For every 4 damage a PC deals to the Dredge, defeat an additional Minion within range the attack would succeed against.",Group Attack,"Spend a Fear to choose a target and spotlight all Dredges within Close range of them. Those Minions move into Melee range of the target and make one shared attack roll. On a success, they deal 1 physical damage each. Combine this damage.",,,,,,,,,,
Skeleton Knight,1,Bruiser,A large armored skeleton with a huge blade.,"Cut down the living, steal skin, wreak havoc",13,7/13,5,2,+2,Rusty Greatsword,Melee,1d10+2 phy,,Terrifying,"When the Knight makes a successful attack, all PCs within Close range lose a Hope and you gain a Fear.",Cut to the Bone,Mark a Stress to make an attack against all targets within Very Close range. Targets the Knight succeeds against take 1d8+2 physical damage and must mark a Stress.,Dig Two Graves,"When the Knight is defeated, they make an attack against a target within Very Close range (prioritizing the creature who killed them). On a success, the target takes 1d4+8 physical damage and loses 1d4 Hope.",,,,,,,,
Skeleton Warrior,1,Standard,A dirt-covered skeleton armed with a rusted blade.,"Feign death, gang up, steal skin",10,4/8,3,2,+0,Sword,Melee,1d6+2 phy,,Only Bones,The Warrior is resistant to physical damage.,Won’t Stay Dead,"When the Warrior is defeated, you can spotlight them and roll a d6. On a result of 6, if there are other adversaries on the battlefi eld, the Warrior re-forms with no marked HP. Daggerheart SRD 109",,,,,,,,,,
Soul-Shattered Mage,1,Solo,A spellcaster with a psyche broken by knowledge best left hidden.,"Babble in an unknown language, laugh",12,8/15,6,5,+2,Wormwood Staff,Far,1d12 mag,Forbidden Knowledge +2,Relentless (3),The Mage can be spotlighted up to three times per GM turn. Spend Fear as usual to spotlight them.,Broken Magic,"Mark a Stress to roll a d6. The Mage uses the corresponding move: 1–2: Dimension Rift. Choose a target within Far range. The target teleports to a point you choose within Close range of their original position and takes 2d6 direct magic damage as their body and mind reassemble. 3–4: Time Dilation. Choose a group of PCs within Far range. Each target is Slowed until they roll with Hope. While Slowed, a target is Vulnerable and must mark a Stress when they move. 5–6: Discordant Visions. Make an attack against up to three targets within Close range. Targets the Mage succeeds against take 2d8 direct magic damage.",Feel My Pain,"When the Mage marks HP, roll a number of d6s equal to the number of Stress the Mage has marked. The Mage deals direct magic damage equal to the total result to all PCs within Very Close range.",,,,,,,,
Spellblade,1,Leader,A mercenary combining swordplay and magic to deadly eff ect.,"Blast, command, endure",14,8/14,6,3,+3,Empowered Longsword,Melee,1d8+4 phy/mag,Magical Knowledge +2,Arcane Steel,Damage dealt by the Spellblade’s standard attack is considered both physical and magic.,Suppressing Blast,Mark a Stress and target a group within Far range. All targets must succeed on an Agility Reaction Roll or take 1d8+2 magic damage. You gain a Fear for each target who marked HP from this attack.,Move as a Unit,Spend 2 Fear to spotlight up to fi ve allies within Far range.,Momentum,"When the Spellblade makes a successful attack against a PC, you gain a Fear. 110 Daggerheart SRD",,,,,,
Spellbound Armor,1,Bruiser,An empty suit of full plate armor that glows with a faint corona of ghostly light.,"Clank noisily, move like clockwork, watch",10,9/17,6,None,+0,Zweihänder,Very Close,1d10+1 phy,Guardian +2,Tireless,"The Armor can’t be forced to mark Stress. When an eff ect would cause it to mark Stress, the Armor ignores that part of the eff ect.",Clatter & Recombobulate,"Once per scene when the Armor is defeated, you can spend a Fear to reactivate it. Clear 2 HP and immediately spotlight it. SWARM OF RATS Tier  Horde (/HP) A skittering mass of ordinary rodents moving as one like a ravenous wave. Motives & Tactics: Consume, obscure, swarm Diffi culty: 10 | Thresholds: 6/10 | HP: 6 | Stress: 2 ATK: −3 | Claws: Melee | 1d8+2 phy FEATURES",Horde (1d4+1),"When the Swarm has marked half or more of their HP, their standard attack deals 1d4+1 physical damage instead.",In Your Face,All targets within Melee range have disadvantage on attacks against targets other than the Swarm.,,,,,,
Sylvan Soldier,1,Standard,A faerie warrior adorned in armor made of leaves and bark.,"Ambush, hide, overwhelm, protect, trail",11,6/11,4,2,+0,Scythe,Melee,1d8+1 phy,Tracker +2,Pack Tactics,"If the Soldier makes a standard attack and another Sylvan Soldier is within Melee range of the target, deal 1d8+5 physical damage instead of their standard damage.",Forest Control,Spend a Fear to pull down a tree within Close range. A creature hit by the tree must succeed on an Agility Reaction Roll (15) or take 1d10 physical damage.,Blend In,"When the Soldier makes a successful attack, you can mark a Stress to become Hidden until the Soldier’s next attack or a PC succeeds on an Instinct Roll (14) to fi nd them.",,,,,,,,
Tangle Bramble,1,Minion,"An animate, blood-drinking tumbleweed.","Combine, drain, entangle",11,None,1,1,−1,Thorns,Melee,2 phy,,Minion (4),"The Bramble is defeated when they take any damage. For every 4 damage a PC deals to the Tangle Bramble, defeat an additional Minion within range the attack would succeed against.",Group Attack,"Spend a Fear to choose a target and spotlight all Tangle Brambles within Close range of them. Those Minions move into Melee range of the target and make one shared attack roll. On a success, they deal 2 physical damage each. Combine this damage.",Drain and Multiply,"When an attack from the Bramble causes a target to mark HP and there are three or more Tangle Bramble Minions within Close range, you can combine the Minions into a Tangle Bramble Swarm Horde. The Horde’s HP is equal to the number of Minions combined.",,,,,,,,
Viper,1,Minion,A small serpent that envenomates its prey with hinged fangs.,"Lie in wait, slither, strike",11,None,1,1,+3,Bite,Melee,1 phy,Grounded +4,Minion (4),"The Viper is defeated when it takes any damage. For every 4 damage a PC deals to the Viper, the PC defeats an additional Minion within range the attack would succeed against.",Venomous,"When the Viper makes a successful standard attack, the target becomes temporarily Envenomated. While Envenomated, the target must mark a Stress whenever they make an action roll.",Group Attack,"Spend a Fear to choose a target and spotlight all Vipers within Close range of them. Those Minions move into Melee range of the target and make one shared attack roll. On a success, they deal 1 physical damage each. Combine this damage.",,,,,,,,
Waxwork Creation,1,Solo,"A ten-foot-tall, semisolid (and semisentient) candle wax construct.","Lumber menacingly, moan with the pain of",13,8/15,10,3,+2,Fists,Very Close,1d20 phy,Giant-Sized +2,Relentless (2),The Creation can be spotlighted up to two times per GM turn. Spend Fear as usual to spotlight it.,No Vital Organs,The Creation doesn’t take extra damage from attacks that critically succeed against it.,Wax Ball,"Mark a Stress to have the Creation throw a ball of wax at a target within Far range. Make an attack against the target. On a success, the target takes 1d12+2 physical damage and becomes Restrained until they succeed on a Strength Roll (15).",Splutch!,"When a PC within Melee range of the Creation makes a weapon attack against it, roll a d6. On a 5 or higher, the attacker’s weapon gets stuck in the Creation and can be removed only with a successful Strength Roll (15).",Smothering Grapple,"When the Creation makes a successful standard attack against a target within Melee range, you can spend a Fear to Trap the target inside the Creation’s wax body. While Trapped, the target is Restrained and must mark a Stress and move with the Creation each time it’s spotlighted. A Trapped creature is freed when the Creation takes Major or greater damage. Daggerheart SRD 111",,,,
Weaponmaster,1,Bruiser,A master-at-arms wielding a sword twice their size.,"Act fi rst, aim for the weakest, intimidate",14,8/15,6,3,+2,Claymore,Very Close,1d12+2 phy,Darkness +3,Goading Strike,"Make a standard attack against a target. On a success, mark a Stress to Taunt the target until their next successful attack. The next time the Taunted target attacks, they have disadvantage against targets other than the Weaponmaster.",Adrenaline Burst,"Once per scene, spend a Fear to clear 2 HP and 2 Stress.",Momentum,"When the Weaponmaster makes a successful attack against a PC, you gain a Fear. WILL-O’-THE-WISPS Tier  Horde (/HP) Lazily fl oating orbs of color-shifting werelight. Motives & Tactics: Dazzle and distract, disorient, lead astray Diffi culty: 9 | Thresholds: 5/9 | HP: 4 | Stress: 2 ATK: −3 | Flash: Close | 1d4+2 mag Experience: Darkness +3 FEATURES",Horde (1d4−1),"When the Will-o’-the-Wisps have marked half or more of their HP, their standard attack deals 1d4−1 magic damage instead.",Kaleidoscopic,"The Will-o’-the-Wisps pulse and dance in hypnotic, color-changing patterns that entrance any creature who looks upon them. All targets within Very Close range of the Will-o’-the-Wisps are Vulnerable.",Fascinating,"Spend a Fear to have the Will-o’-the-Wisps trace looping light trails through the air, leaving afterimages that beg to be deciphered. Each PC within Far range must succeed on an Instinct Reaction Roll (13) or mark a Stress and move up to Close range toward the Will-o’-the-Wisps.",,
Young Dryad,1,Leader,An imperious tree-person leading their forest’s defenses.,"Command, nurture, prune the unwelcome",11,6/11,6,2,+0,Scythe,Melee,1d8+5 phy,Leadership +3,Voice of the Forest,"Mark a Stress to spotlight 1d4 allies within range of a target they can attack without moving. On a success, their attacks deal half damage.",Thorny Cage,"Spend a Fear to form a cage around a target within Very Close range and Restrain them until they’re freed with a successful Strength Roll. When a creature makes an action roll against the cage, they must mark a Stress.",Momentum,"When the Dryad makes a successful attack against a PC, you gain a Fear. 112 Daggerheart SRD",,,,,,,,
Brawny Zombie,1,Bruiser,"A large corpse, decay-bloated and angry.","Crush, destroy, hail debris, slam",10,8/15,7,4,+2,Slam,Very Close,1d12+3 phy,"Collateral Damage +2, Throw +4",Slow,"When you spotlight the Zombie and they don’t have a token on their stat block, they can’t act yet. Place a token on their stat block and describe what they’re preparing to do. When you spotlight the Zombie and they have a token on their stat block, clear the token and they can act.",Rend Asunder,"Make a standard attack with advantage against a target the Zombie has Restrained. On a success, the attack deals direct damage.",Rip and Tear,"When the Zombies makes a successful standard attack, you can mark a Stress to temporarily Restrain the target and force them to mark 2 Stress.",,,,,,,,
Patchwork Zombie Hulk,1,Solo,"A towering gestalt of corpses moving as one, with torso-sized limbs and fi sts as large as a grown halfl ing.","Absorb corpses, fl ail, hunger, terrify",13,8/15,10,3,+4,Too Many Arms,Very Close,1d20 phy,"Intimidation +2, Tear Things Apart +2",Destructible,"When the Zombie takes Major or greater damage, they mark an additional HP.",Flailing Limbs,"When the Zombie makes a standard attack, they can attack all targets within Very Close range.",Another for the Pile,"When the Zombie is within Very Close range of a corpse, they can incorporate it into themselves, clearing a HP and a Stress.",Tormented Screams,Mark a Stress to cause all PCs within Far range to make a Presence Reaction Roll (13). Targets who fail lose a Hope and you gain a Fear for each. Targets who succeed must mark a Stress.,,,,,,
Rotted Zombie,1,Minion,A decaying corpse ambling toward their prey.,"Eat fl esh, hunger, maul, surround",8,None,1,1,−3,Bite,Melee,2 phy,,Minion (3),"The Zombie is defeated when they take any damage. For every 3 damage a PC deals to the Zombie, defeat an additional Minion within range the attack would succeed against.",Group Attack,"Spend a Fear to choose a target and spotlight all Rotted Zombies within Close range of them. Those Minions move into Melee range of the target and make one shared attack roll. On a success, they deal 2 physical damage each. Combine this damage.",,,,,,,,,,
Shambling Zombie,1,Standard,"An animated corpse that moves shakily, driven only by hunger.","Devour, hungry, mob enemy, shred fl esh",10,4/6,4,1,+0,Bite,Melee,1d6+1 phy,,Too Many to Handle,"When the Zombie is within Melee range of a creature and at least one other Zombie is within Close range, all attacks against that creature have advantage.",Horrifying,"Targets who mark HP from the Zombie’s attacks must also mark a Stress. ZOMBIE PACK Tier  Horde (/HP) A group of shambling corpses instinctively moving together. Motives & Tactics: Consume fl esh, hunger, maul Diffi culty: 8 | Thresholds: 6/12 | HP: 6 | Stress: 3 ATK: −1 | Bite: Melee | 1d10+2 phy FEATURES",Horde (1d4+2),"When the Zombies have marked half or more of their HP, their standard attack deals 1d4+2 physical damage instead.",Overwhelm,"When the Zombies mark HP from an attack within Melee range, you can mark a Stress to make a standard attack against the attacker. Daggerheart SRD 113",,,,,,
Apprentice Assassin,2,Minion,A young trainee eager to prove themselves.,"Act reckless, kill, prove their worth, show off",13,None,1,1,−1,Thrown Dagger,Very Close,4 phy,Intrusion +2,Minion (),"The Assassin is defeated when they take any damage. For every 6 damage a PC deals to the Assassin, defeat an additional Minion within range the attack would succeed against.",Group Attack,"Spend a Fear to choose a target and spotlight all Apprentice Assassins within Close range of them. Those Minions move into Melee range of the target and make one shared attack roll. On a success, they deal 4 physical damage each. Combine this damage.",,,,,,,,,,
Assassin Poisoner,2,Skulk,A cunning scoundrel skilled in both poisons and ambushing.,"Anticipate, get paid, kill, taint food and water",14,8/16,4,4,+3,Poisoned Throwing Dagger,Close,2d8+1 phy,Intrusion +2,Grindletooth Venom,Targets who mark HP from the Assassin’s attacks are Vulnerable until they clear a HP.,Out of Nowhere,The Assassin has advantage on attacks if they are Hidden.,Fumigation,"Drop a smoke bomb that fi lls the air within Close range with smoke, Dizzying all targets in this area. Dizzied targets have disadvantage on their next action roll, then clear the condition. 114 Daggerheart SRD",,,,,,,,
Master Assassin,2,Leader,A seasoned killer with a threatening voice and a deadly blade.,"Ambush, get out alive, kill, prepare",15,12/25,7,5,+5,Serrated Dagger,Close,2d10+2 phy,"Command +3, Intrusion +3",Won’t See It Coming,The Assassin deals direct damage while they’re Hidden.,Strike as One,Mark a Stress to spotlight a number of other Assassins equal to the Assassin’s unmarked Stress.,The Subtle Blade,"When the Assassin successfully makes a standard attack against a Vulnerable target, you can spend a Fear to deal Severe damage instead of their standard damage.",Momentum,"When the Assassin makes a successful attack against a PC, you gain a Fear.",,,,,,
Banshee,2,Skulk,A corrupted fey spirit that haunts the night in the form of a willowy specter wearing a luminous gossamer gown.,"Ambush from inside solid objects, frighten to",14,9/18,5,3,+2,Fingernails,Melee,2d6+1 mag,"Vain +3, Wrathful +3",Specter,The Banshee has resistance to physical damage. Mark a Stress to move up to Close range through solid objects.,Terrifying,"When the Banshee makes a successful attack, all PCs within Close range lose a Hope, and you gain a Fear.",Scare Tactic,"Up to three times per scene, spend a Fear to have the Banshee teleport up to Very Far range and scare a PC within Melee range. The PC marks 1d4 Stress. If this causes them to mark HP, they also lose a Hope.",Wail of Despair,Mark a Stress to have the Banshee unleash a mournful scream of pain and anguish. Each PC within Close range must make a Presence Reaction Roll. Targets who succeed take 1d12+1 magic damage. Targets who fail take double damage and are knocked back to Close range.,,,,,,
Basilisk,2,Standard,"A six-legged monitor lizard that has the head of a vulture, a spiked backbone, and a petrifying gaze.","Move slow and steady, savor petrifi ed prey,",14,8/19,4,4,+1,Jaws & Claws,Melee,2d6+4 phy,,Petrify,"Spend a Fear to force a PC within Far range to make an Instinct Reaction Roll. On a success, the target marks a Stress. On a failure, the target becomes Stiff . If the target is already Stiff , they become Petrifi ed. While Stiff , the PC must mark a Stress each time they act until they take a rest or the Basilisk is defeated. While Petrifi ed, the PC can’t act. The Petrifi ed condition can be cleared only by applying Basilisk saliva to the target.",CRONCH!,Mark a Stress to have the Basilisk chomp down on a Petrifi ed PC within Melee range. The target must make a death move.,,,,,,,,,,
Battle Box,2,Solo,A cube-shaped construct with a diff erent rune on each of their six sides.,"Change tactics, trample foes, wait in disguise",15,10/20,8,6,+2,Slam,Melee,2d6+3 phy,Camoufl age +2,Relentless (2),The Box can be spotlighted up to two times per GM turn. Spend Fear as usual to spotlight them.,Randomized Tactics,"Mark a Stress and roll a d6. The Box uses the corresponding move: 1. Mana Beam. The Box fi res a searing beam. Make an attack against a target within Far range. On a success, deal 2d10+2 magic damage. 2. Fire Jets. The Box shoots into the air, spinning and releasing jets of fl ame. Make an attack against all targets within Close range. Targets the Box succeeds against take 2d8 physical damage. 3. Trample. The Box rockets around erratically. Make an attack against all PCs within Close range. Targets the Box succeeds against take 1d6+5 physical damage and are Vulnerable until their next roll with Hope. 4. Shocking Gas. The Box sprays out a silver gas sparking with lightning. All targets within Close range must succeed on a Finesse Reaction Roll or mark 3 Stress. 5. Stunning Clap. The Box leaps and their sides clap, creating a small sonic boom. All targets within Very Close range must succeed on a Strength Reaction Roll or become Vulnerable until the cube is defeated. 6. Psionic Whine. The Box releases a cluster of mechanical bees whose buzz rattles mortal minds. All targets within Close range must succeed on a Presence Reaction Roll or take 2d4+9 direct magic damage.",Overcharge,"Before rolling damage for the Box’s attack, you can mark a Stress to add a d6 to the damage roll. Additionally, you gain a Fear.",Death Quake,"When the Box marks their last HP, the magic powering them ruptures in an explosion of force. All targets within Close range must succeed on an Instinct Reaction Roll or take 2d8+1 magic damage.",,,,,,
Berserker Alpha,2,Leader,A veteran commander who quaff s magic elixirs to change into a beast and lead their packmates on a hunt.,"Embrace the change, howl at the moon, lead",14,13/26,6,4,+3,Tooth & Claw,Melee,2d10+2 phy,"Hunt +3, Keen Senses +2",Pack Fury,The Alpha gains a +1 bonus to their attack rolls for each ally within Very Close range of their attack’s target.,Bark at the Moon,"Once per scene, spend a Fear to have each ally within Close range of the Alpha clear a HP and a Stress.",Berserker Rage,"The fi rst time in a scene the Alpha marks their last Stress, they gain a +6 bonus to damage rolls.",,,,,,,,
Berserker Initiate,2,Standard,A raging warrior who imbibes ritualistic concoctions to enhance their form with aspects of a predatory beast.,"Coordinate with packmates, dance around the",13,9/18,4,3,+1,Tooth & Claw,Melee,2d10 phy,Hunt +3,Pack Fury,The Initiate gains a +1 bonus to their attack rolls for each ally within Very Close range of their attack’s target.,Berserker Rage,"The fi rst time in a scene the Initiate marks their last Stress, they gain a +4 bonus to damage rolls.",,,,,,,,,,
Centaur Warden,2,Ranged,"A half-human, half-horse guardian who patrols the borders of idyllic lands uncorrupted by the touch of civilization.","Live in harmony with nature, protect the",14,10/19,5,3,+2,Recurved Bow,Far,2d8+4 phy,"Nature +2, Philosophy +2",Flanking Maneuver,"When the Warden makes a standard attack against a target within Melee range of one or more of the Warden’s allies, the Warden gains a +2 bonus to the attack roll.",Eye of the Sage,Mark a Stress to make a standard attack. The Warden has advantage on the attack roll and critically succeeds on a roll of 19–20.,Trample,Spend a Fear to have the Warden gallop up to Far range in a straight line. Each target in their path must make an Agility Reaction Roll. Targets who succeed take 1d6+2 physical damage. Targets who fail take double damage and must mark a Stress.,Quick Volley,"When the Warden makes a standard attack, you can mark any number of Stress to target an equal number of additional creatures within range. Daggerheart SRD 115",,,,,,
Chaos Skull,2,Ranged,A fl oating humanoid skull animated by scintillating magic.,"Cackle, consume magic, serve creator",15,8/16,5,4,+2,Energy Blast,Close,2d8+3 mag,,Levitation,The Skull levitates several feet off the ground and can’t be Restrained.,Wards,The Skull is resistant to magic damage.,Magic Burst,Mark a Stress to make an attack against all targets within Close range. Targets the Skull succeeds against take 2d6+4 magic damage.,Siphon Magic,"Spend a Fear to make an attack against a PC with a Spellcast trait within Very Close range. On a success, the target marks 1d4 Stress and the Skull clears that many Stress. Additionally, on a success, the Skull can immediately be spotlighted again.",,,,,,
Chicken-Foot Hut,2,Bruiser,A tall wooden shack that moves around on giant chicken legs.,"Claw, protect master, run and jump, trample",16,14/27,8,2,+2,Clawed Feet,Very Close,2d10+3 phy,Forests +2,Fast,The Hut can move up to Far range when spotlighted.,Double Strike,"Mark a Stress to make two standard attacks. If both attacks succeed against the same target, combine the damage.",Pin,"When the Hut makes a successful standard attack, you can mark a Stress to temporarily Restrain the target. The Hut drags the Restrained target when it moves.",,,,,,,,
Conscript,2,Minion,A poorly trained civilian pressed into war.,"Follow orders, gang up, survive",12,None,1,1,+0,Spears,Very Close,6 phy,,Minion (),"The Conscript is defeated when they take any damage. For every 6 damage a PC deals to the Conscript, defeat an additional Minion within range the attack would succeed against.",Group Attack,"Spend a Fear to choose a target and spotlight all Conscripts within Close range of them. Those Minions move into Melee range of the target and make one shared attack roll. On a success, they deal 6 physical damage each. Combine this damage. 116 Daggerheart SRD",,,,,,,,,,
Cult Fang,2,Skulk,A professional killer-turned-cultist.,"Capture sacrifi ces, isolate prey, rise in",15,9/17,4,4,+2,Long Knife,Melee,2d8+4 phy,,Shadow’s Embrace,The Fang can climb and walk on vertical surfaces. Mark a Stress to move from one shadow to another within Far range.,Pick Off the Straggler,"Mark a Stress to cause a target within Melee range to make an Instinct Reaction Roll. On a failure, the target must mark 2 Stress and is teleported with the Fang to a shadow within Far range, making them temporarily Vulnerable. On a success, the target must mark a Stress.",,,,,,,,,,
Cult Initiate,2,Minion,"A low-ranking cultist in simple robes, eager to gain power.","Follow orders, gain power, seek forbidden",13,None,1,1,+0,Ritual Dagger,Melee,5 phy,Scent Tracking +3,Minion (),"The Initiate is defeated when they take any damage. For every 6 damage a PC deals to the Initiate, defeat an additional Minion within range the attack would succeed against.",Group Attack,"Spend a Fear to choose a target and spotlight all Cult Initiates within Close range of them. Those Minions move into Melee range of the target and make one shared attack roll. On a success, they deal 5 physical damage each. Combine this damage. DEMONIC HOUND PACK Tier  Horde (/HP) Unnatural hounds lit from within by hellfi re. Motives & Tactics: Cause fear, consume fl esh, please masters Diffi culty: 15 | Thresholds: 11/23 | HP: 6 | Stress: 3 ATK: +0 | Claws and Fangs: Melee | 2d8+2 phy Experience: Scent Tracking +3 FEATURES",Horde (2d4+1),"When the Pack has marked half or more of their HP, their standard attack deals 2d4+1 physical damage instead.",Dreadhowl,"Mark a Stress to make all targets within Very Close range lose a Hope. If a target is not able to lose a Hope, they must instead mark 2 Stress.",Momentum,"When the Pack makes a successful attack against a PC, you gain a Fear.",,,,
Dire Pangolati,2,Bruiser,A carriage-sized pangolin-coati hybrid covered in armor plating. It has a bladed tail it uses to fl ing razor-sharp scales.,"Escape with a meal, slice and dice, wade into",14,14/28,7,4,+2,Tail Slash,Very Close,2d12+3 phy,"Climbing +3, Scent Tracking +3",Armor Eater,"When the Pangolati makes a successful attack against a PC, that PC must mark an additional Armor Slot to reduce the severity of the damage.",Blade Spin,Spend a Fear to have the Pangolati quickly spin in a circle. Each target within Very Close range must succeed on an Agility Reaction Roll or take 2d8 physical damage.,Blade Fling,"Mark a Stress to have the Pangolati fl ick its tail and fl ing a razor-edged armor plate. Make an attack against a target within Far range. On a success, the attack deals 2d6+10 physical damage.",Keratin Scales,"When the Pangolati would mark HP from an attack, you can mark a Stress to reduce the number of HP it marks by 1.",,,,,,
Doppelhound,2,Skulk,"A vicious magical canid that has glowing eyes and two barbed, whiplike tails. It confuses enemies by conjuring an illusory duplicate of itself.","Ambush prey, kill for sport, play with food,",14,9/17,4,5,+3,Barbed Tail Whip,Very Close,2d8+2 phy,Shadows +3,Blink Beast,"When combat begins, place a duplicate within Close range of the Doppelhound. The Doppelhound occupies both its place and its duplicate’s. The duplicate can move when the Doppelhound is spotlighted, and the Doppelhound can target enemies with attacks as if it were in its duplicate’s place. When the Doppelhound or duplicate is attacked, the attacker rolls a d6. On an even result, they target the Doppelhound. On an odd result, they target the duplicate, and the attack fails. If an attack succeeds against the Doppelhound, the duplicate is dispelled until you spend a Fear to conjure it again.",Double Strike,"Mark a Stress to make two standard attacks. If both attacks succeed against the same target, combine the damage.",,,,,,,,,,
Dragon Knight,2,Bruiser,A knight clad in dragonplate armor and a helmet in the shape of a dragon’s head.,"Exploit an opening, get some distance, knock",15,15/30,5,3,+2,Lance,Very Close,2d12+3 phy,Jousts +2,High Ground,The Knight gains advantage on attacks made against targets below them.,Leaping Strike,"Mark a Stress to have the Knight leap into Melee range of a target within Far range and make a standard attack against them. On a success, the attack deals an extra 1d12 damage, and the target must mark an Armor Slot without receiving its benefi ts (they can still use armor to reduce the damage).",Comeback,"When the Knight fails a standard attack, you can spend a Fear to reroll the attack with advantage. Daggerheart SRD 117",,,,,,,,
Elephant,2,Bruiser,A huge pachyderm that has large ears and a prehensile trunk.,"Eat vegetation, protect the herd, socialize",15,14/28,6,3,+3,Feet & Tusks,Very Close,2d12 phy,"Huge +2, Never Forgets +2",Trample,Mark a Stress to have the Elephant charge up to Far range in a straight line. Each target in its path must succeed on an Agility Reaction Roll or take 2d10+3 physical damage.,Toss,"When the Elephant makes a successful standard attack, you can spend a Fear to have it toss the target to another location within Close range and deal an extra 1d12 damage.",,,,,,,,,,
Elite Soldier,2,Standard,An armored squire or experienced commoner looking to advance.,"Gain glory, keep order, make alliances",15,9/18,4,3,+1,Spear,Very Close,2d8+4 phy,,Reinforce,"Mark a Stress to move into Melee range of an ally and make a standard attack against a target within Very Close range. On a success, deal 2d10+2 physical damage and the ally can clear a Stress.",Vassal’s Loyalty,"When the Soldier is within Very Close range of a knight or other noble who would take damage, you can mark a Stress to move into Melee range of them and take the damage instead. 118 Daggerheart SRD",,,,,,,,,,
Entombed Cat Beast,2,Solo,A large undead humanoid skeleton with a panther’s skull for a head.,"Rush attack, shred, terrify",15,12/23,7,3,+2,Razor Claws,Very Close,2d12+2 phy,Feral +2,Relentless (3),The Cat Beast can be spotlighted up to three times per GM turn. Spend Fear as usual to spotlight them.,Bloody Strike,A PC who marks 3 or more HP from an attack made by the Cat Beast must mark an additional HP.,Screeching Caterwaul,"Mark a Stress to force each PC within Far range of the Cat Beast to make a Presence Reaction Roll. Targets who fail become Rattled until they roll with Hope. When the Cat Beast makes a successful attack against a Rattled PC, roll damage twice and take the better result, then clear the Rattled condition from the target.",I Alone,"When the Cat Beast fi rst appears, you can choose to have them absorb the essence of their allies. Immediately defeat any number of allies on the battlefi eld, and gain a Fear for each ally defeated this way.",Vicious Reprisal,"When the Cat Beast takes damage from an attack made by a PC within Very Close range, you can mark a Stress to make a standard attack against that PC.",,,,
Entombed Elite Guard,2,Standard,An elite undead soldier buried with their empress to defend the tomb from theft and desecration.,"Form up, protect the empress, strike as one",15,9/18,4,3,+2,Curved Blade,Melee,2d10+2 phy,Soldier +3,Battle Formation,The Guard gains a +1 bonus to their Diffi culty for each ally within Very Close range.,Javelin,"Make an attack against a target within Very Far range. On a success, deal 2d6+2 physical damage.",,,,,,,,,,
Entombed Empress,2,Leader,The undead ruler of a forgotten realm. She’s been given blasphemous funeral rites to prevent her soul from moving on.,"Command inferiors, curse the invaders",16,12/24,6,5,+2,Swipe,Melee,2d8+2 phy,"Ruler +4, Undead +2",Empty Husk,The Empress has resistance to physical damage.,Missing Organs,"The Empress’s internal organs have been removed and placed into six crystal containers hidden throughout her tomb. Each time the PCs fi nd and destroy one, the Empress marks a HP.",Grasping Chains,"Mark a Stress to have the Empress target a creature within Close range and try to telekinetically bind them with her funeral chains. Make an attack against a target within Close range. On a success, the Empress pulls the target into Melee range, deals 2d8 physical damage, and temporarily Restrains them.",Deathless Obedience,"Up to three times per scene, you can spend a Fear to spotlight any number of allies within Close range. If any attacks succeed against the same target, combine the damage.",Accursed Caress,"When the Empress makes a successful standard attack against a PC, you can spend a Fear to activate a Doom Countdown (1d6+1) for that PC. It ticks down when a PC rolls with Fear. When it triggers, the PC marks all HP and makes a death move. If the Empress is defeated or the PCs take a rest, all Doom Countdowns end.",Final Transformation (Phase Change),"When the Empress marks her last HP, replace her with the Entombed Cat Beast and immediately spotlight them. ENTOMBED NECROPRIEST Tier  Support A necromancer charged with preserving the empress’s life beyond death. Motives & Tactics: Boost allies, conquer time, hold down enemies, serve the empress, wield death as a weapon Diffi culty: 13 | Thresholds: 8/16 | HP: 3 | Stress: 7 ATK: +2 | Death Bolt: Far | 2d6+2 mag Experience: Dark Magic +4, Protect +2 FEATURES",Invigorate,Mark a Stress to choose up to three allies within Far range. Each one gains advantage on their next attack roll.
Entombed Stonemason,2,Minion,An unfortunate undead laborer chosen by lottery to wall up their empress’s tomb from the inside.,"Never stop working, sacrifi ce yourself for the",12,None,1,1,−1,Hammer and Chisel,Melee,5 phy,Builder +2,Minion (),"The Stonemason is defeated when they take any damage. For every 5 damage a PC deals to the Stonemason, the PC defeats an additional Minion within range their attack would succeed against.",Group Attack,"Spend a Fear to choose a target and spotlight all Entombed Stonemasons within Close range of them. Those Minions move into Melee range of the target and make one shared attack roll. On a success, they deal 5 physical damage each. Combine this damage.",The Work Never Ends,"When the Stonemason is defeated by an attack that deals physical damage, you can spend a Fear to clear the Stonemason’s HP and Stress. Daggerheart SRD 119",,,,,,,,
Failed Experiment,2,Standard,"A magical necromantic experiment gone wrong, leaving them warped and ungainly.","Devour, hunt, track",13,12/23,3,3,+1,Bite and Claw,Melee,2d6+5 phy,Copycat +3,Warped Fortitude,The Experiment is resistant to physical damage.,Overwhelm,"When a target the Experiment attacks has other adversaries within Very Close range, the Experiment deals double damage.",Lurching Lunge,"Mark a Stress to spotlight the Experiment as an additional GM move instead of spending Fear. FLOCK OF FEATHER FIENDS Tier  Horde (/HP) A fl ock of undead crow corpses, eyes aglow with necroplasmic light. Motives & Tactics: Caw incessantly, claw faces, fl utter through the air, peck eyes Diffi culty: 14 | Thresholds: 10/20 | HP: 5 | Stress: 3 ATK: +0 | Peck and Claw: Melee | 2d6+2 mag Experience: Fly +2, Swarm +2 FEATURES",Horde (1d+1),"When the Flock has marked half or more of its HP, its standard attack deals 1d6+1 magic damage instead.",Maddening Cacophony,Mark a Stress to force each PC within Very Close range to make an Instinct Reaction Roll. Targets who fail must spend a Hope or become Vulnerable until they deal damage to the Flock or the Flock is defeated.,,,,
Fowlbear,2,Bruiser,A grizzly bear with a feathery hide and the head of a giant goose.,"Drive prey into an ambush, fi ght to the death,",15,14/28,7,4,+3,Goose Teeth & Bear Claws,Very Close,2d12+2 phy,"Keen Senses +3, Ponds +3",Relentless (2),The Fowlbear can be spotlighted up to two times per GM turn. Spend Fear as usual to spotlight it.,Double Strike,"Mark a Stress to make two standard attacks. If both attacks succeed against the same target, combine the damage.",Dread Honk,"Spend a Fear to have the Fowlbear unleash a terrifying, ear-splitting goose honk. Each PC within Close range must make a Presence Reaction Roll. Targets who fail must mark a Stress, move away from the Fowlbear to Far range, and become Vulnerable until the Fowlbear deals damage to them. Targets who succeed must mark a Stress or move away from the Fowlbear to Far range. 120 Daggerheart SRD",,,,,,,,
Fungispunj Sporeling,2,Minion,A halfl ing-sized mushroom creature that defends itself from attackers with tiny puff s of neurotoxic spores.,"Avoid violence, spray attackers",13,None,1,1,−1,Neuro Spore,Very Close,4 mag,Darkness +3,Minion (),"The Sporeling is defeated when it takes any damage. For every 6 damage a PC deals to the Sporeling, the PC defeats an additional Minion within range the attack would succeed against.",Group Attack,"Spend a Fear to choose a target and spotlight all Fungispunj Sporelings within Close range of them. Those Minions move into Melee range of the target and make one shared attack roll. On a success, they deal 4 magic damage each. Combine this damage.",Form Up,Spend a Fear to combine three Sporelings within a Close area and replace them with a Fungispunj Sporophore.,,,,,,,,
Fungispunj Sporophore,2,Leader,A giant mushroom creature that can command the dead.,"Awaken the fallen, defend the colony, spread",16,12/24,6,5,+2,Spongy Fist,Very Close,2d8+4 phy,"Commander +5, Guardian +4",Neurotoxic Spore Cloud,"Mark a Stress to have the Sporophore spray a cloud of spores on all targets within Close range. Each PC must succeed on a Agility Reaction Roll or become Poisoned until they spend a Hope to clear the condition. While Poisoned, a target must roll a d6 before they make an action roll. On a result of 4 or lower, they must mark a Stress.",Reanimator,"Spend a Fear to have the Sporophore spray a corpse within Very Close range with a cloud of psychic spores. The corpse clears all HP and Stress, then reanimates under the psychic control of the Sporophore. When the Sporophore is spotlighted, you can also spotlight all corpses it controls.",Colony,Mark any number of Stress to have the Sporophore summon an equal number of Fungispunj Sporelings within Close range.,Mind Meld,"All Fungispunj can telepathically communicate with one another. When the Sporophore would be forced to mark Stress from an attack, it can cause Fungispunj allies in the scene to mark that Stress in its place, distributed among allies as it chooses.",,,,,,
Gargoyle,2,Bruiser,A magically animated statue resembling a terrifying beast or demon.,"Hide in plain sight, overwatch, swoop down",13,14/28,8,2,+2,Stone Claws,Melee,2d10+3 phy,"Camoufl age +4, Ruins +3",Unliving,The Gargoyle has resistance to magic damage.,Swooping Strike,Choose a point within Far range. The Gargoyle moves to that point and makes a standard attack against one target along its path.,Petrifying Slash,"When the Gargoyle deals damage, the target must succeed on a Strength Reaction Roll or become Vulnerable. If the target is already Vulnerable, they become Restrained. If the target is already Vulnerable and Restrained, they must make a death move. The PC can spend a Hope per condition to clear it.",,,,,,,,
Giant Beastmaster,2,Leader,A leather-clad warrior bearing a whip and massive bow.,"Command, make a living, maneuver, pin down,",16,12/24,6,5,+2,Longbow,Far,2d8+4 phy,Animal Handling +3,Two as One,"When the Beastmaster is spotlighted, you can also spotlight a Tier 1 animal adversary currently under their control.",Pinning Strike,"Make a standard attack against a target. On a success, you can mark a Stress to pin them to a nearby surface. The pinned target is Restrained until they break free with a successful Finesse or Strength Roll.",Deadly Companion,"Twice per scene, summon a Bear, Dire Wolf, or similar Tier 1 animal adversary under the Beastmaster’s control. The adversary appears at Close range and is immediately spotlighted.",,,,,,,,
Giant Brawler,2,Bruiser,An especially muscular giant wielding a warhammer larger than a human.,"Make a living, overwhelm, slam, topple",15,14/28,7,4,+2,Warhammer,Very Close,2d12+3 phy,Intrusion +2,Battering Ram,"Mark a Stress to have the Brawler charge at an inanimate object within Close range they could feasibly smash (such as a wall, cart, or market stand) and destroy it. All targets within Very Close range of the object must succeed on an Agility Reaction Roll or take 2d4+3 physical damage from the shrapnel.",Bloody Reprisal,"When the Brawler marks 2 or more HP from an attack within Very Close range, you can make a standard attack against the attacker. On a success, the Brawler deals 2d6+15 physical damage instead of their standard damage.",Momentum,"When the Brawler makes a successful attack against a PC, you gain a Fear.",,,,,,,,
Giant Eagle,2,Skulk,A giant bird of prey with blood-stained talons.,"Hunt prey, stay mobile, strike decisively",14,8/19,4,4,+1,Claws and Beak,Very Close,2d6+3 phy,,Flight,"While fl ying, the Eagle gains a +3 bonus to their Diffi culty.",Deadly Dive,"Mark a Stress to attack a target within Far range. On a success, deal 2d10+2 physical damage and knock the target over, making them Vulnerable until they next act.",Take Off,"Make an attack against a target within Very Close range. On a success, deal 2d4+3 physical damage and the target must succeed on an Agility Reaction Roll or become temporarily Restrained within the Eagle’s massive talons. If the target is Restrained, the Eagle immediately lifts into the air to Very Far range above the battlefi eld while holding them.",Deadly Drop,"While fl ying, the Eagle can drop a Restrained target they are holding. When dropped, the target is no longer Restrained but starts falling. If their fall isn’t prevented during the PCs’ next action, the target takes 2d20 physical damage when they land. Daggerheart SRD 121",,,,,,
Giant Octopus,2,Solo,"A monstrous, aquatic mollusk that has eight sucker-bearing arms and a hard, beaklike jaw.","Crush and bite, grapple, harry sailing vessels,",14,13/26,10,5,+3,Arm Whip,Close,2d10 phy,Intelligent +3,Relentless (3),The Octopus can be spotlighted up to three times per GM turn. Spend Fear as usual to spotlight it.,Armed and Dangerous,"When the Octopus fi rst appears, place a d8 on this stat block with the 8 value facing up. When the Octopus makes a successful standard attack against a PC, you can add the die’s value to the damage dealt. After you add its value to a roll, decrease the die’s value by 1.",Grapple,"When the Octopus succeeds on a standard attack, you can spend a Fear to have the Octopus Grapple the target. While Grappled, the target is Restrained and Vulnerable until they break free with a successful Strength or Finesse Roll.",Crush,Mark a Stress to deal 3d8 direct physical damage to a target Grappled by the Octopus.,,,,,,
Giant Recruit,2,Minion,A giant fi ghter wearing borrowed armor.,"Batter, make a living, overwhelm, terrify",13,None,1,2,+1,Warhammer,Very Close,5 phy,,Minion (),"The Recruit is defeated when they take any damage. For every 7 damage a PC deals to the Recruit, defeat an additional Minion within range the attack would succeed against.",Group Attack,"Spend a Fear to choose a target and spotlight all Giant Recruits within Close range of them. Those Minions move into Melee range of the target and make one shared attack roll. On a success, they deal 5 physical damage each. Combine this damage. 122 Daggerheart SRD",,,,,,,,,,
Gobstalker,2,Solo,"A fl eshy, fl oating ball of teeth that has numerous eyes and a bundle of questing mouth tentacles that shoot magic beams.","Ambush rivals, seek riches, shoot beams",15,10/20,8,6,+2,Mouth Tentacles,Very Close,2d6+3 phy,Magic +3,Relentless (3),The Gobstalker can be spotlighted up to three times per GM turn. Spend Fear as usual to spotlight them.,Anti-Mystica-Halitosis,"The Gobstalker’s rancid breath creates an invisible, magic-negating miasma. An attack, an ability, or a spell that deals magic damage or creates a magic eff ect fails automatically if used within Close range of the Gobstalker.",Tentacle Rays,"Mark a Stress to attack a target within Far range. On a success, roll a d8 for a random beam attack or spend a Fear to choose instead: 1. Beguile. The Gobstalker Beguiles the target. While Beguiled, the target sees the Gobstalker as a friend and can’t attack it. Additionally, when a PC rolls with Fear, a Beguiled PC must mark a Stress or attack a target chosen by the Gobstalker. A Beguiled PC must succeed on an Instinct Roll (16) to clear the condition. 2. Corrode. The target takes 2d8 magic damage and must mark an Armor Slot without receiving its benefi ts (they can still use armor to reduce the damage). If they can’t, double the damage. 3. Doom. The target must mark all HP, but they can spend any number of Hope to reduce the number of HP marked this way by an equal amount. 4. Hypnosis. The target falls into a Deep Trance and can’t act except to try to wake up. This condition lasts until the target takes damage or wakes up with a successful Presence Roll (16). 5. Paralyze. The target freezes in place, becoming Vulnerable and Restrained until they mark 2 Stress. 6. Sear. The target takes 2d8 direct magic damage. 7. Scare. The target is Scared. While Scared, the target can’t take actions other than fl eeing the battle or trying to shake off their terror. Additionally, the target must mark a Stress whenever you spend a Fear. The target can clear the condition with a successful Presence Roll (16). 8. Slow. The target becomes Vulnerable and must mark a Stress to move until they spend 2 Hope.",Leech Lick,"On a successful standard attack, you can spend a Fear to clear a number of Stress equal to the number of HP the target marked.",,,,,,
Gorgon,2,Solo,"A snake-headed, scaled humanoid with a gilded bow, enraged that their peace has been disturbed.","Corner, hit-and-run, petrify, seek vengeance",15,13/25,9,3,+4,Sunsear Shortbow,Far,2d20+3 mag,Stealth +3,Relentless (2),The Gorgon can be spotlighted up to two times per GM turn. Spend Fear as usual to spotlight them.,Sunsear Arrows,"When the Gorgon makes a successful standard attack, the target Glows until the end of the scene and can’t become Hidden. Attack rolls made against a Glowing target have advantage.",Crown of Serpents,"Make an attack roll against a target within Melee range using the Gorgon’s protective snakes. On a success, mark a Stress to deal 2d10+4 physical damage and the target must mark a Stress.",Petrifying Gaze,"When the Gorgon takes damage from an attack within Close range, you can spend a Fear to force the attacker to make an Instinct Reaction Roll. On a failure, they begin to turn to stone, marking a HP and starting a Petrifi cation Countdown (4). This countdown ticks down when the Gorgon is attacked. When it triggers, the target must make a death move. If the Gorgon is defeated, all petrifi cation countdowns end.",Momentum,"When the Gorgon makes a successful attack against a PC, you gain a Fear.",,,,
Guahalan Alebrujo,2,Solo,"A huge, colorful, chimeric beast formed from many animals.","Destroy, give no quarter, ravage",14,13/26,6,5,+3,Tooth & Claw,Very Close,2d10+4 mag,"Brutal +2, Quick +2",The Beast Unleashed,The Alebrujo gains a bonus to damage rolls equal to the number of Fear you have.,Guahalan Sacrifi ce,"Spend a Fear to have the Alebrujo devour a Minion within Very Close range, then clear a HP or a Stress.",Howl of the Guahala,"Mark a Stress to have the Alebrujo emit a howl. Each PC within Far range must succeed on a Presence Reaction Roll or become temporarily Panicked. While Panicked, a PC must mark a Stress when they take the spotlight.",Rip & Tear,"Spend a Fear to make a standard attack with advantage. On a success, you can mark a Stress to make another standard attack against an additional target within range. You can continue marking Stress to make additional attacks until the Alebrujo fails an attack roll.",Brutal Spectacle,"When the Alebrujo deals Severe damage, you can spend a Fear to force all targets within Close range to mark a Stress.",,,,
Guahalan Fang Lord,2,Leader,A shapeshifting warlord who leads a group of warriors into battle.,"Bolster allies, lead the pack, rally the troops",16,12/24,6,5,+2,Spear,Very Close,2d8+4 phy,"Ancient Knowledge +2, Hunter +2",Pack Alpha,"Pool. When the Fang Lord makes a successful attack, add a token to the Guahalan Pool. When a Guahalan ally within Close range makes an attack, you can spend a token from the Guahalan Pool to give them advantage on the roll.",Unleash the Beast,"Spend a Fear to have the Fang Lord adopt a bestial form. While in this form, they gain a bonus to attack and damage rolls equal to the number of Stress they have marked. Additionally, they can move up to Far range instead of Close range before taking an action.",Call of the Guahala,"Spend 2 Fear to spotlight all Guahalan Shifters within Close range. Each one makes a standard attack against a target within range. If any attacks succeed against the same target, combine their damage.",Feral Form (Phase Change),"When the Fang Lord marks their last HP, replace them with the Guahalan Alebrujo and immediately spotlight them.",,,,,,
Guahalan Shifter,2,Standard,A shapeshifting masked warrior who has animalistic features.,"Escape, profi t, throw smoke",15,9/18,4,3,+1,Warclub,Melee,2d8+4 phy,"Hunter +2, Trapper +2",Unleash the Beast,"Spend a Fear to have the Shifter adopt a more bestial form. While in this form, they gain a bonus to attack and damage rolls equal to the number of Stress they have marked. Additionally, they can move up to Far range instead of Close range before taking an action.",Pack Attack,"Mark a Stress to make a standard attack. On a success, the attack gains a bonus to damage equal to the number of other Shifters within Very Close range of the target. Daggerheart SRD 123",,,,,,,,,,
Guahalan Spirit Beast,2,Minion,A brightly colored spirit in the shape of an animal.,"Protect, sacrifi ce, surround",13,None,1,2,+1,Bite & Claw,Melee,5 mag,"Ritual +3, Ancient History +2",Minion (),"The Spirit Beast is defeated when it takes any damage. For every 5 damage a PC deals to the Spirit Beast, the PC defeats an additional Minion within range the attack would succeed against.",Ethereal Form,The Spirit Beast has resistance to physical damage.,Group Attack,"Spend a Fear to choose a target and spotlight all Guahalan Spirit Beasts within Close range of them. Those Minions move into Melee range of the target and make one shared attack roll. On a success, they deal 5 magic damage each. Combine this damage.",Beast Bomb,"When the Spirit Beast is defeated, it explodes in white fl ame and deals 5 magic damage to creatures within Melee range. GUAHALAN SPIRIT SINGER Tier  Support A shapeshifting summoner who has animalistic features. Motives & Tactics: Abjure, bolster, summon Diffi culty: 14 | Thresholds: 9/18 | HP: 4 | Stress: 6 ATK: +2 | Spirit Flame: Close | 2d6+4 mag Experience: Ritual +3, Ancient History +2 FEATURES",Unleash the Beast,"Spend a Fear to have the Spirit Singer adopt a more bestial form. While in this form, they gain a bonus to attack and damage rolls equal to the number of Stress they have marked. Additionally, they can move up to Far range instead of Close range before taking an action.",Beast-Caller,Spend a Fear to have the Spirit Singer summon 2d4 Guahalan Spirit Beasts within Very Close range and immediately spotlight one.,Rage of Spirits,"Mark a Stress to spotlight any number of Guahalan Spirit Beasts within Very Close range and have each one move into Melee range with the nearest PC and make a standard attack. If any attacks succeed against the same target, combine their damage."
Hill Titan,2,Solo,A goliath clad in animal skins and surrounded by a swarm of insects.,"Eat, make a mess, patrol stomping grounds",14,13/26,10,5,+3,Tree Stump,Very Close,2d10+4 phy,"Survival +3, Vengeful +3",Relentless (3),The Titan can be spotlighted up to three times per GM turn. Spend Fear as usual to spotlight them.,Momentum,"When the Titan makes a successful attack against a PC, you gain a Fear.",Gullible,PCs have advantage on action rolls to trick or emotionally manipulate the Titan.,Bug Swarm,PCs are Vulnerable while within Very Close range.,Mighty Swing,Spend a Fear to make a standard attack against all targets within Very Close range.,,,,
Hive Walker,2,Standard,A corpse fi lled with and puppeted by a colony of carrion-eating bees.,"Encase prey in honey, protect the hive",12,11/24,3,3,+1,Rotting Fist,Melee,2d6+3 phy,Meat Eater +2,Blood Honey,The Walker disgorges thick crimson honey at all targets between it and a point within Close range. Each target in that line must succeed on an Agility Reaction Roll or take 2d8 magic damage and become temporarily Restrained as the honey hardens on them.,Bee-Ruption,"When the Walker marks HP, vengeful bees erupt from its body to protect it. Each target within Very Close range must succeed on an Instinct Reaction Roll or take 1d8 direct physical damage for each HP the Hive Walker has marked. Restrained targets automatically fail the reaction roll.",,,,,,,,,,
Jack-O’-Lantern,2,Minion,A fl oating pumpkin or other gourd that has a face carved into it. The soul trapped within it emits an eerie glow.,"Bite, fl oat, laugh, tell spooky stories",14,None,1,1,+2,Chomp,Melee,6 phy,,Minion (4),"The Jack-o’-Lantern is defeated when it takes any damage. For every 4 damage a PC deals to the Jack-o’- Lantern, the PC defeats an additional Minion within range the attack would succeed against.",Group Attack,"Spend a Fear to choose a target and spotlight all Jack-o’-Lanterns within Close range of them. Those Minions move into Melee range of the target and make one shared attack roll. On a success, they deal 6 physical damage each. Combine this damage.",Spine-Chilling Cackle,"When a PC within Very Close range rolls with Fear, you can mark a Stress to gain an additional Fear.",,,,,,,,
Juvenile Flickerfly,2,Solo,A horse-sized insect with iridescent scales and crystalline wings moving faster than the eye can see.,"Collect shiny things, hunt, swoop",14,13/26,10,5,+3,Wing Slash,Very Close,2d10+4 phy,,Relentless (3),The Flickerfl y can be spotlighted up to three times per GM turn. Spend Fear as usual to spotlight them.,Peerless Accuracy,"Before the Flickerfl y makes an attack, roll a d6. On a result of 4 or higher, the target’s Evasion is halved against this attack.",Mind Dance,"Mark a Stress to create a magically dazzling display that grapples the minds of nearby foes. All targets within Close range must make an Instinct Reaction Roll. For each target who failed, you gain a Fear and the Flickerfl y learns one of the target’s fears.",Hallucinatory Breath,"Countdown (Loop 1d6). When the Flickerfl y takes damage for the fi rst time, activate the countdown. When it triggers, the Flickerfl y breathes hallucinatory gas on all targets in front of them up to Far range. Targets must succeed on an Instinct Reaction Roll or be tormented by fearful hallucinations. Targets whose fears are known to the Flickerfl y have disadvantage on this roll. Targets who fail must mark a Stress and lose a Hope.",,,,,,
Knight Of The Realm,2,Leader,A decorated soldier with heavy armor and a powerful steed.,"Run down, seek glory, show dominance",15,13/26,6,4,+4,Longsword,Melee,2d10+4 phy,"Ancient Knowledge +3, High Society +2, Tactics +2",Chevalier,"While the Knight is on a mount, they gain a +2 bonus to their Diffi culty. When they take Severe damage, they’re knocked from their mount and lose this benefi t until they’re next spotlighted.",Heavily Armored,"When the Knight takes physical damage, reduce it by 3.",Cavalry Charge,"If the Knight is mounted, move up to Far range and make a standard attack against a target. On a success, deal 2d8+4 physical damage and the target must mark a Stress.",For the Realm!,Mark a Stress to spotlight 1d4+1 allies. Attacks they make while spotlighted in this way deal half damage.,,,,,,
Landshark,2,Bruiser,A quadrupedal shark that swims through the ground.,"Burrow, burst out of the ground, circle prey",14,14/25,7,3,+2,Toothy Maw,Very Close,2d10+2 phy,"Subterranean +3, Bloodthirsty +2",Burrowing,"The Landshark can move through the ground as easily as over it. When the Landshark moves, it can choose to burrow or surface. While underground, the Landshark has resistance to all damage but can’t attack.",Thick-Skinned,"When the Landshark would be forced to mark any number of HP, you can mark an equal number of Stress instead.",Rending Chomp,"When the Landshark makes a successful attack against a PC within Melee range, you can spend a Fear to force the target to mark an Armor Slot without receiving its benefi ts (they can still use armor to reduce the damage).",,,,,,,,
Landshark Behemoth,2,Solo,A landshark that’s lived long enough to become a large burrowing monstrosity with steely hide and razor-sharp teeth.,"Bite, burrow, burst out of the ground",15,15/28,10,4,+2,Toothy Maw,Very Close,2d12+6 phy,"Subterranean +4, Bloodthirsty +3",Relentless (3),The Behemoth can be spotlighted up to three times per GM turn. Spend Fear as usual to spotlight it.,Deep Diver,"The Behemoth can move through the ground as easily as over it. When the Behemoth moves, it can choose to burrow or surface. While underground, the Behemoth is immune to damage but can’t attack.",Steel-Skinned,All damage dealt to the Behemoth is reduced by one threshold.,Forceful Eruption,"The Behemoth erupts from the ground, forcing each PC within Very Close range to succeed on an Agility Reaction Roll or be knocked over, becoming Vulnerable until they make an action roll. For each PC made Vulnerable in this way, you gain a Fear. Daggerheart SRD 125",,,,,,
Masked Thief,2,Skulk,A cunning thief with acrobatic skill and a fl air for the dramatic.,"Evade, hide, pilfer, profi t",14,8/17,4,5,+3,Backsword,Melee,2d8+3 phy,Acrobatics +3,Quick Hands,"Make an attack against a target within Melee range. On a success, deal 1d8+2 physical damage and the Thief steals one item or consumable from the target’s inventory.",Escape Plan,"Mark a Stress to reveal a snare trap set anywhere on the battlefi eld by the Thief. All targets within Very Close range of the trap must succeed on an Agility Reaction Roll (13) or be pulled off their feet and suspended upside down. A target is Restrained and Vulnerable until they break free, ending both conditions, with a successful Finesse or Strength Roll (13). MERCHANT BARON Tier  Social An accomplished merchant with a large operation under their command. Motives & Tactics: Abuse power, gather resources, mobilize minions Diffi culty: 15 | Thresholds: 9/19 | HP: 5 | Stress: 3 ATK: −2 | Rapier: Melee | 1d6+2 phy Experience: Nobility +2, Trade +2 FEATURES",Everyone Has a Price,"Spend a Fear to off er a target a dangerous bargain for something they want or need. If used on a PC, they must make a Presence Reaction Roll (17). On a failure, they must mark 2 Stress or take the deal.",The Best Muscle Money Can Buy,"Once per scene, mark a Stress to summon 1d4+1 Tier 1 adversaries, who appear at Far range, to enforce the Baron’s will.",,,,,,
Minotaur Wrecker,2,Bruiser,A massive bull-headed fi rbolg with a quick temper.,"Consume, gore, navigate, overpower, pursue",16,14/27,7,5,+2,Battleaxe,Very Close,2d8+5 phy,Navigation +2,Ramp Up,"You must spend a Fear to spotlight the Minotaur. While spotlighted, they can make their standard attack against all targets within range.",Charging Bull,"Mark a Stress to charge through a group within Close range and make an attack against all targets in the Minotaur’s path. Targets the Minotaur succeeds against take 2d6+8 physical damage and are knocked back to Very Far range. If a target is knocked into a solid object or another creature, they take an extra 1d6 damage (combine the damage).",Gore,"Make an attack against a target within Very Close range, moving the Minotaur into Melee range of them. On a success, deal 2d8 direct physical damage. 126 Daggerheart SRD",,,,,,,,
Mortal Hunter,2,Leader,"An undead fi gure wearing a heavy leather coat, with searching eyes and a casually cruel demeanor.","Devour, hunt, track",16,15/27,6,4,+5,Tear at Flesh,Very Close,2d12+1 phy,Bloodhound +3,Terrifying,"When the Hunter makes a successful attack, all PCs within Far range lose a Hope and you gain a Fear.",Deathlock,Spend a Fear to curse a target within Very Close range with a necrotic Deathlock until the end of the scene. Attacks made by the Hunter against a Deathlocked target deal direct damage. The Hunter can only maintain one Deathlock at a time.,Inevitable Death,Mark a Stress to spotlight 1d4 allies. Attacks they make while spotlighted in this way deal half damage.,Rampage,"Countdown (Loop 1d6). When the Hunter is in the spotlight for the fi rst time, activate the countdown. When it triggers, move the Hunter in a straight line to a point within Far range and make an attack against all targets in their path. Targets the Hunter succeeds against take 2d8+2 physical damage.",,,,,,
Ravenous Mockery,2,Standard,A shapeshifting predator that assumes the appearance of inanimate objects to lure unwary prey into its threat range.,"Ambush, lie in wait, swallow without chewing,",14,8/19,4,4,+1,Gnashing Teeth,Melee,2d6+4 phy,"Mimicry +5, Hungry +3",Tongue Attack,"Mark a Stress to attack a creature within Close range. On a success, the target is pulled into Melee range with the Mockery and Restrained until they escape with a successful Strength Roll, and you can spend a Fear to activate the Mockery’s Devour feature against the target.",Devour,"Attack a target within Melee range. On a success, the Mockery Swallows the target. While Swallowed, the target is Restrained and marks a HP when the Mockery is spotlighted. The Mockery disgorges all Swallowed creatures when it takes Major or Severe damage.",Never Just One,"Spend a Fear to reveal that another object on the battlefi eld has been a Ravenous Mockery the whole time, then immediately spotlight it.",,,,,,,,
Rust Eater,2,Standard,A pony-sized cockroach coated in a corrosive chitin that turns metal into rust.,"Avoid detection, eat rust, sniff out metal",12,10/18,5,2,+1,Bite,Melee,2d6+4 phy,Snuffl e +3,Stifl ing Pheromones,A PC who makes an action roll within Very Close range of the Rust Eater must succeed on an Instinct Reaction Roll or mark a Stress.,Rust Touch,"The Rust Eater’s carapace is coated in a corrosive acid that pits and rusts metal. When a PC within Melee range of the Rust Easter succeeds on an attack against it with a metal weapon, reduce the weapon’s damage die by one step (for example, d8 to d6 or d6 to d4). If a weapon’s damage die is reduced below a d4, the weapon crumbles into rust. The Rust Eater then devours the rust pile and clears a HP.",,,,,,,,,,
Scarecrow,2,Standard,"A bundle of straw bound into a humanoid shape, clothed in rags, and animated by a trapped soul.","Pull yourself together, scratch and claw",15,7/15,4,3,+1,Sickle,Melee,2d6+1 phy,"Birds +2, Fields +2",Made of Straw,The Scarecrow has resistance to physical damage but takes double damage from fi re.,Terror Vision,"Spend a Fear to have the Scarecrow lock eyes with a PC within Very Close range, dealing 2d8 magic damage and making them Vulnerable until they roll with Hope.",,,,,,,,,,
Secret-Keeper,2,Leader,A clandestine leader with a direct channel to the Fallen Gods.,"Amass great power, plot, take command",16,13/26,7,4,+3,Sigil-laden Staff,Far,2d12 mag,"Coercion +2, Fallen Lore +2",Seize Your Moment,Spend 2 Fear to spotlight 1d4 allies. Attacks they make while spotlighted in this way deal half damage.,Our Master’s Will,"When you spotlight an ally within Far range, mark a Stress to gain a Fear.",Summoning Ritual,"Countdown (6). When the Secret-Keeper is in the spotlight for the fi rst time, activate the countdown. When they mark HP, tick down this countdown by the number of HP marked. When it triggers, summon a Minor Demon who appears at Close range.",Fallen Hounds,"Once per scene, when the Secret- Keeper marks 2 or more HP, you can mark a Stress to summon a Demonic Hound Pack, which appears at Close range and is immediately spotlighted.",,,,,,
Shark,2,Bruiser,"A large aquatic predator, always on the move.","Find the blood, isolate prey, target the weak",14,14/28,7,3,+2,Toothy Maw,Very Close,2d12+1 phy,Sense of Smell +3,Terrifying,"When the Shark makes a successful attack, all PCs within Far range lose a Hope and you gain a Fear.",Rending Bite,"When the Shark makes a successful attack, the target must mark an Armor Slot without receiving its benefi ts (they can still use armor to reduce the damage). If they can’t mark an Armor Slot, they must mark an additional HP.",Blood in the Water,"When a creature within Close range of the Shark marks HP from another creature’s attack, you can mark a Stress to immediately spotlight the Shark, moving them into Melee range of the target and making a standard attack. Daggerheart SRD 127",,,,,,,,
Siren,2,Skulk,A half-fi sh person with shimmering scales and an irresistible voice.,"Consume, lure prey, subdue with song",14,9/18,5,3,+2,Distended Jaw Bite,Melee,2d6+3 phy,Song Repertoire +3,Captive Audience,"If the Siren makes a standard attack against a target Entranced by their song, the attack deals 2d10+1 damage instead of their standard damage.",Enchanting Song,"Spend a Fear to sing a song that aff ects all targets within Close range. Targets must succeed on an Instinct Reaction Roll or become Entranced until they mark 2 Stress. Other Sirens within Close range of the target can mark a Stress to each add a +1 bonus to the Diffi culty of the reaction roll. While Entranced, a target can’t act and is Vulnerable.",,,,,,,,,,
Spectral Archer,2,Ranged,"A ghostly fi ghter with an ethereal bow, unable to move on while their charge is vulnerable.","Move through solid objects, stay out of the",13,6/14,3,3,+3,Longbow,Far,2d10+2 phy,Ancient Knowledge +2,Ghost,The Archer has resistance to physical damage. Mark a Stress to move up to Close range through solid objects.,Pick Your Target,"Spend a Fear to make an attack within Far range against a PC who is within Very Close range of at least two other PCs. On a success, the target takes 2d8+12 physical damage.",,,,,,,,,,
Spectral Captain,2,Leader,A ghostly commander leading their troops beyond death.,"Move through solid objects, rally troops,",16,13/26,6,4,+3,Longbow,Far,2d10+3 phy,Ancient Knowledge +3,Ghost,The Captain has resistance to physical damage. Mark a Stress to move up to Close range through solid objects.,Unending Battle,Spend 2 Fear to return up to 1d4+1 defeated Spectral allies to the battle at the points where they fi rst appeared (with no marked HP or Stress).,Hold Fast,"When the Captain’s Spectral allies are forced to make a reaction roll, you can mark a Stress to give those allies a +2 bonus to the roll.",Momentum,"When the Captain makes a successful attack against a PC, you gain a Fear. 128 Daggerheart SRD",,,,,,
Spectral Guardian,2,Standard,"A ghostly fi ghter with spears and swords, anchored by duty.","Move through solid objects, protect treasure,",15,7/15,4,3,+1,Spear,Very Close,2d8+1 phy,Ancient Knowledge +2,Ghost,The Guardian has resistance to physical damage. Mark a Stress to move up to Close range through solid objects.,Grave Blade,"Spend a Fear to make an attack against a target within Very Close range. On a success, deal 2d10+6 physical damage and the target must mark a Stress.",,,,,,,,,,
Sprite,2,Minion,A tiny winged warrior that attacks trespassers with poison-tipped arrows.,"Avoid detection, let the poison do its work,",13,None,1,1,+0,Needle-Sharp Arrows,Close,5 phy,"Stealth +2, Vengeance +2",Minion (),"The Sprite is defeated when they take any damage. For every 5 damage a PC deals to the Sprite, the PC defeats an additional Minion within range the attack would succeed against.",Art of Invisibility,Spend a Fear to make the Sprite Hidden until they attack.,Dream Petal Poison,"When the Sprite succeeds on a standard attack, you can spend a Fear to make the target Sleepy until the target takes damage. While Sleepy, the target must make a Presence Reaction Roll before they make an action roll. On a failure, they must mark 2 Stress or fall asleep until they take damage. SPY Tier  Social A skilled espionage agent with a knack for being in the right place to overhear secrets. Motives & Tactics: Cut and run, disguise appearance, eavesdrop Diffi culty: 15 | Thresholds: 8/17 | HP: 4 | Stress: 3 ATK: −2 | Dagger: Melee | 2d6+3 phy Experience: Espionage +3 FEATURES",Gathering Secrets,Spend a Fear to describe how the Spy knows a secret about a PC in the scene.,Fly on the Wall,"When a PC or group is discussing something sensitive, you can mark a Stress to reveal that the Spy is present in the scene, observing them. If the Spy escapes the scene to report their fi ndings, you gain 1d4 Fear.",,,,
Stone Titan,2,Solo,A gray-skinned goliath who lives underground and specializes in crafting powerful items inlaid with magical runes.,"Blend into the rocks, craft and contemplate,",17,17/32,5,5,+3,Stone Hammer,Very Close,3d6+8 phy,"Crafting +3, Runes +3",Relentless (3),The Titan can be spotlighted up to three times per GM turn. Spend Fear as usual to spotlight them.,Skillful Strike,"Before the Titan makes an attack, you can mark a Stress and roll a d6. On a result of 3 or higher, the target’s Evasion is halved against this attack.",Sunlight Sickness,"When the Titan fi rst appears above ground, roll a d4. Mark a number of Stress equal to the result. The Titan gains a bonus to their attack and damage rolls equal to the number of Stress marked.",Hammer Smash,"When a PC marks HP from the Titan’s standard attack, you can spend a Fear to force the target to mark an Armor Slot without gaining its benefi ts (they can still use armor to reduce the damage).",,,,,,
Stonewraith,2,Skulk,"A prowling hunter, like a slinking mountain lion, with a slate-gray stone body.","Defend territory, isolate prey, stalk",13,11/22,6,3,+3,Bite and Claws,Melee,2d8+6 phy,Stonesense +3,Stonestrider,"The Stonewraith can move through stone and earth as easily as air. While within stone or earth, they are Hidden and immune to all damage.",Rocky Ambush,"While Hidden, mark a Stress to leap into Melee range with a target within Very Close range. The target must succeed on an Agility or Instinct Reaction Roll (15) or take 2d8 physical damage and become temporarily Restrained.",Avalanche Roar,Spend a Fear to roar while within a cave and cause a cave-in. All targets within Close range must succeed on an Agility Reaction Roll (14) or take 2d10 physical damage. The rubble can be cleared with a Progress Countdown (8).,Momentum,"When the Stonewraith makes a successful attack against a PC, you gain a Fear.",,,,,,
Triceratops,2,Bruiser,A large dinosaur that has an armored frill and three horns.,"Eat ferns, move in herds for protection, patrol",15,14/28,7,5,+2,Horns,Very Close,2d10+4 phy,Defender +3,Leathery Hide,"When the Triceratops would be forced to mark HP, you can mark any number of Stress instead of an equal number of HP.",Tail Swipe,Mark a Stress to choose up to three targets within Very Close range. Each target must make an Agility Reaction Roll. Targets who fail take 5d6 physical damage. Targets who succeed take half damage.,Bull Rush,"Mark a Stress to choose a target within Close range. The Triceratops moves into Melee range with the target and makes an attack. On a success, deal 3d10 direct physical damage.",,,,,,,,
Tyrannosaurus,2,Bruiser,A huge carnivorous dinosaur that walks on two legs.,"Break through the treeline, eat, stomp around",15,14/28,7,5,+2,Mighty Jaws,Very Close,2d10+4 phy,Predator +3,Earth-Shaking Roar,"Spend a Fear to force each PC within Close range to make a Presence Reaction Roll. On a failure, they must choose to lose a Hope or mark 1d4 Stress.",Stomp,"Mark a Stress to attack a target within Melee range. On a success, the target takes 3d12 direct physical damage.",Crushing Bite,"When the Tyrannosaurus makes a successful standard attack, you can spend a Fear to force the target to mark an additional HP. Daggerheart SRD 129",,,,,,,,
Urco,2,Standard,A black-furred hound from beyond the veil of death that portends death and feeds on fear.,"Feed, frighten, hunt",15,9/18,4,3,+1,Black Fang,Melee,2d8+4 mag,"Omens +3, Stealth +3",Fearmonger,"When a PC within Very Close range fails with Hope, you gain a Fear.",Terror-Fueled,The Urco gains a bonus to attack and damage rolls equal to the number of Fear you have.,Fear Eater,"Spend any number of Fear to clear the same number of Stress. If the Urco has no marked Stress, you can spend any number of Fear to clear the same number of HP.",Baleful Gaze,"When the Urco takes damage from an attack, you can spend a Fear to cause the attacker’s damage thresholds to gain a −1 penalty until the end of the scene. This eff ect can stack.",,,,,,
Valdenhax,2,Leader,"A malevolent forest hag who has long, mossy hair and fl ies through the air with an oversized mortar and pestle.","Collect souls, fl y, vex trespassers",16,12/24,6,4,+2,Giant Stone Pestle,Melee,2d8+2 phy,Witchcraft +3,"To Me, My Pretties","Once per scene, summon 2d4 Tier 2 Hordes, which appear at Far range. You gain a Fear for each Horde summoned in this way.",Shadow Strangler,"Mark a Stress to attack a target within Far range. On a success, the shadow of the Valdenhax’s hand stretches across the ground until it grasps the target’s shadow and drains their essence. The target marks 1d4 Stress, and you gain an equal number of Fear.",Corpse Whisperer,"Spend a Fear to have the Valdenhax call out to the lingering spirit of a fallen ally within Close range. Roll a d6. On an even result, the Valdenhax resurrects the ally with half its HP cleared. On an odd result, the Valdenhax absorbs the dregs of its life force and clears a Stress.",Vexing Word,"After a PC makes a roll, you can mark a Stress to force them to reroll it. This feature can’t be used if the PC critically succeeds. 130 Daggerheart SRD",,,,,,
War Wizard,2,Ranged,A battle-hardened mage trained in destructive magic.,"Develop new spells, seek power,",16,11/23,5,6,+4,Staff,Far,2d10+4 mag,"Magical Knowledge +2, Strategize +2",Battle Teleport,"Before or after making a standard attack, you can mark a Stress to teleport to a location within Far range.",Refresh Warding Sphere,Mark a Stress to refresh the Wizard’s “Warding Sphere” reaction.,Eruption,Spend a Fear and choose a point within Far range. A Very Close area around that point erupts into impassable terrain. All targets within that area must make an Agility Reaction Roll (14). Targets who fail take 2d10 physical damage and are thrown out of the area. Targets who succeed take half damage and aren’t moved.,Arcane Artillery,Spend a Fear to unleash a precise hail of magical blasts. All targets in the scene must make an Agility Reaction Roll. Targets who fail take 2d12 magic damage. Targets who succeed take half damage.,Warding Sphere,"When the Wizard takes damage from an attack within Close range, deal 2d6 magic damage to the attacker. This reaction can’t be used again until the Wizard refreshes it with their “Refresh Warding Sphere” action.",,,,
Adult Flickerfly,3,Solo,A winged insect the size of a large house with iridescent scales and wings that move too fast to track.,"Collect shiny things, hunt, nest, swoop",17,20/35,12,6,+3,Wing Slash,Very Close,3d20 phy,,Relentless (4),The Flickerfl y can be spotlighted up to four times per GM turn. Spend Fear as usual to spotlight them.,Never Misses,"When the Flickerfl y makes an attack, the target’s Evasion is halved against the attack.",Deadly Flight,"While fl ying, the Flickerfl y can move up to Far range instead of Close range before taking an action.",Whirlwind,"Spend a Fear to whirl, making an attack against all targets within Very Close range. Targets the Flickerfl y succeeds against take 3d8 direct physical damage.",Mind Dance,"Mark a Stress to create a magically dazzling display that grapples the minds of nearby foes. All targets within Close range must make an Instinct Reaction Roll. For each target who failed, you gain a Fear and the Flickerfl y learns one of the target’s fears.",Hallucinatory Breath,"Countdown (Loop 1d6). When the Flickerfl y takes damage for the fi rst time, activate the countdown. When it triggers, the Flickerfl y breathes hallucinatory gas on all targets in front of them up to Far range. Targets must make an Instinct Reaction Roll or be tormented by fearful hallucinations. Targets whose fears are known to the Flickerfl y have disadvantage on this roll. Targets who fail lose 2 Hope and take 3d8+3 direct magic damage.",Uncanny Refl exes,"When the Flickerfl y takes damage from an attack within Close range, you can mark a Stress to take half damage."
Archmage,3,Solo,A seeker of secret knowledge hidden away in a tome-fi lled tower.,"Corrupt, destroy, overwhelm with evil power",18,24/45,5,8,+5,Archmage’s Greatstaff,Far,3d10 mag,Esoterica +4,Relentless (3),The Archmage can be spotlighted up to three times per GM turn. Spend Fear as usual to spotlight them.,Orbiting Aegis,"When the Archmage appears, they conjure six discs of magical energy that orbit around them. Place a d6 Aegis Die on this stat block with the 6 value facing up. When a PC makes a successful attack against the Archmage, roll a d6. If the result is equal to or less than the value of the Aegis Die, tick the Aegis Die down and ignore the damage. A PC can make a Knowledge Roll to tick down the Aegis Die by 1 on a success or by 2 on a success with Hope.",Force Salvo,"Spend any number of Fear and roll that many d4s. The Archmage unleashes a number of magical homing force bolts equal to the total result. For each bolt, a creature within Far range marks a HP. The same creature can be targeted by up to three force bolts.",Fireball,Mark any number of Stress to target the same number of PCs within Far range. Each target must succeed on an Agility Reaction Roll or take 4d10 magic damage.,Counterspell,"When a PC succeeds on a Spellcast Roll, you can spend a Fear to have the Archmage make a reaction roll with a Diffi culty equal to the Spellcast Roll’s result. On a success, the PC’s Spellcast Roll fails instead, and you place a token on this stat block. Using this feature again costs additional Fear equal to the number of tokens on this stat block. You can’t Counterspell a critical success. CATRIN Tier  Social A lavishly adorned skeleton that has an endless appetite for gold. Motives & Tactics: Dominate the conversation, seek attention, steal everything Diffi culty: 17 | Thresholds: 20/32 | HP: 5 | Stress: 6 ATK: +3 | Spirit Flame: Far | 3d8+5 mag Experience: Opulence +2, Storyteller +2 FEATURES",Attracted to Wealth,PCs carrying at least a bag of gold gain advantage on Presence Rolls made to infl uence the Catrin.,The Weight of Opulence,"Spend a Fear to turn the Catrin’s gaze toward the PC carrying the most gold. The target must succeed on an Instinct Reaction Roll or lose a Hope for each bag of gold they’re carrying. If the PC loses their last Hope or has no Hope to lose, they mark Stress instead."
Chimera,3,Bruiser,"A giant fi re-breathing monster that has a lion’s head, a goat’s body, and a serpent’s tail.","Play with food, prowl territory, slay cattle",17,22/40,9,5,+5,Claws,Melee,3d12 phy,Predator +3,Rending Jaws,"When the Chimera makes a successful attack against a PC, the target must mark 2 Armor Slots to reduce the severity by one threshold.",Double Claw,"Mark a Stress to make two standard attacks. If both attacks succeed against the same target, combine the damage.",Breath of Fire,Spend a Fear to target up to three PCs in front of the Chimera within Close range. Each target must make an Agility Reaction Roll (20). Targets who fail take 3d12 magic damage. Targets who succeed must choose to mark either an Armor Slot or a Stress.,Serpent Strike,"When a PC within Close range targets the Chimera with an attack, you can mark a Stress to attack the PC fi rst. On a success, deal 4d4+10 physical damage and Poison them until their next rest or they succeed on a Knowledge Roll (20). While Poisoned, the target must roll a d6 before they make an action roll. On a result of 3 or lower, they must mark a Stress.",,,,,,
Crimson Lepus,3,Solo,A red-eyed rabbit that thinks only of murder.,"Be cute, go for the throat, hop around",18,20/35,10,6,+3,Leaping Bite,Very Close,3d20 phy,Vicious +4,Relentless (3),The Lepus can be spotlighted up to three times per GM turn. Spend Fear as usual to spotlight it.,“Awww...”,"When the Lepus fi rst appears, it is Too Cute. To attack a Too Cute creature, a PC must succeed on an Instinct Reaction Roll (20). Clear the Too Cute condition if a PC deals damage to the Lepus or if the Lepus attacks a PC.",Terrifying,"When the Lepus makes a successful attack, all PCs within Close range lose a Hope, and you gain a Fear.",Leaping Jugular Strike,"Spend a Fear to have the Lepus leap into Melee range of a target within Far range and make an attack against them. On a success, deal 3d20 direct physical damage. If the target marks HP from this attack, they become Vulnerable until they clear a HP.",Evasive,"When the Lepus would take damage, roll a d6. On a 4 or higher, halve the damage. If the damage was already halved, the Lepus takes no damage.",“Run Away!”,"When a PC with no Hope takes the spotlight within Very Far range of the Lepus, the PC must succeed on a Presence Reaction Roll or use their action to fl ee the battlefi eld until they spend a Hope to return. 132 Daggerheart SRD",,
Cryptimoth,3,Skulk,A large red-eyed moth creature that walks upright and portends mysterious or evil events.,"Echolocate, fl y silently, melt into the shadows",14,16/30,5,3,+2,Claws,Melee,3d8+5 phy,Dark Omens +3,Terrifying,"When the Cryptimoth makes a successful attack, all PCs within Close range lose a Hope, and you gain a Fear.",Psychic Screech,Spend 2 Fear to have the Cryptimoth unleash a burst of psychic energy that causes each PC within Far range to suff er visions of their horrifying fate. Each target must make an Instinct Reaction Roll (16). Targets who fail take 3d8 direct magic damage and become Vulnerable until their next rest. Targets who succeed must mark a Stress or take half damage.,Shadow Swarm,Spend a Fear to have the Cryptimoth conjure a swarm of mothlike shadow creatures within Far range. The swarm fi lls a Close range area and blocks line of sight. Creatures that aren’t Cryptimoths are Vulnerable while inside that area and must mark a Stress to move through it. A PC can dispel the swarm with a successful Spellcast Roll (12).,Paranoia Glare,"Spend a Fear to have the Cryptimoth gaze into the eyes of a PC within Close range and make them Paranoid. While Paranoid, the PC is suspicious of other PCs and can’t Help an Ally or take part in Tag Team Rolls. To clear this condition, the PC must succeed on an Instinct Roll (16) or participate in the Prepare downtime move with one or more members of their party during a rest.",,,,,,
Cursed Merfolk,3,Standard,"A half-fi sh, half-human creature psychically bound to serve the Deep Dwellers.","Separate enemies, strike from the shadows,",16,18/35,5,4,+3,Chained Trident,Far,3d6 phy,Aquatic +3,Fish-Tailed,The Merfolk is Vulnerable out of the water.,Gang Up,The Merfolk gains a +2 bonus to attack rolls against targets within Melee range of one or more allies.,“Get Over Here!”,"When the Merfolk makes a successful standard attack against a target beyond Melee range, you can mark a Stress to pull them into Melee range. If you do, you can spend a Fear to make a standard attack with advantage against the target.",,,,,,,,
Deep Dweller,3,Leader,A huge psychic lamprey that has pitch-black eyes and toxic tentacles.,"Abuse power, seek worship, stalk sunken ruins",17,22/42,6,6,+5,Teeth & Tentacles,Close,3d10+4 phy,"Ancient Mysteries +2, Dark Water +2",Psychic Blast,Spend a Fear to choose up to three targets within Close range and force them to make an Instinct or Knowledge Reaction Roll. Targets who succeed mark a Stress. Targets who fail take 3d10+4 direct magic damage and are Vulnerable until spotlighted.,Brain Drain,"Mark a Stress to choose a Vulnerable PC within Very Close range. The target marks 1d4 Stress, and the Deep Dweller clears an equal number of HP.",Call of the Deep,"Spend 2 Fear to summon 1d4 Cursed Merfolk, who appear at Far range and immediately take the spotlight.",Mucosal Contamination,"Make an attack roll against a PC within Very Close range. On a success, the Deep Dweller uses its tentacles to immobilize the target, sliming them with toxic sludge. The target is Restrained until they break free or slip out with a successful Strength or Finesse Roll. Each time the Deep Dweller is spotlighted, all PCs Restrained in this way take 3d8 direct physical damage. The Deep Dweller releases all creatures Restrained by it when it’s defeated or takes Severe damage. DEMON OF AVARICE Tier  Support A regal cloaked monstrosity with circular horns adorned with treasure. Motives & Tactics: Consume, fuel greed, sow dissent Diffi culty: 17 | Thresholds: 15/29 | HP: 6 | Stress: 5 ATK: +2 | Hungry Maw: Melee | 3d6+5 mag Experience: Manipulation +3 FEATURES",Money Talks,"Attacks against the Demon are made with disadvantage unless the attacker spends a handful of gold. This Demon starts with a number of handfuls equal to the number of PCs. When a target marks HP from the Demon’s standard attack, they can spend a handful of gold instead of marking HP (1 handful per HP). Add a handful of gold to the Demon for each handful of gold spent by PCs on this feature.",Numbers Must Go Up,Add a bonus to the Demon’s attack rolls equal to the number of handfuls of gold they have.,Money Is Time,Spend 3 handfuls of gold (or a Fear) to spotlight 1d4+1 allies.
Demon Of Despair,3,Skulk,"A cloaked demon-creature with long limbs, seeping shadows.","Make fear contagious, stick to the shadows,",17,18/35,6,5,+3,Miasma Bolt,Far,3d6+1 mag,Manipulation +3,Depths of Despair,The Demon deals double damage to PCs with 0 Hope.,Your Struggle Is Pointless,Spend a Fear to weigh down the spirits of all PCs within Far range. All targets aff ected replace their Hope Die with a d8 until they roll a success with Hope or their next rest.,Your Friends Will Fail You,"When a PC fails with Fear, you can mark a Stress to cause all other PCs within Close range to lose a Hope.",Momentum,"When the Demon makes a successful attack against a PC, you gain a Fear.",,,,,,
Demon Of Hubris,3,Leader,A perfectly beautiful and infi nitely cruel demon with a gleaming spear and elegant robes.,"Condescend, declare premature victory,",18,18/36,7,5,+4,Perfect Spear,Very Close,3d10 phy,Manipulation +2,Terrifying,"When the Demon makes a successful attack, all PCs within Far range must lose a Hope and you gain a Fear.",Double or Nothing,"When a PC within Far range fails a roll, they can choose to reroll their Fear Die and take the new result. If they still fail, they mark 2 Stress and the Demon clears a Stress.",Unparalleled Skill,Mark a Stress to deal the Demon’s standard attack damage to a target within Close range.,The Root of Villainy,Spend a Fear to spotlight two other Demons within Far range.,You Pale in Comparison,"When a PC fails a roll within Close range of the Demon, they must mark a Stress. Daggerheart SRD 133",,,,
Demon Of Jealousy,3,Ranged,A fi ckle creature of spindly limbs and insatiable desires.,"Join in on others’ success, take what belongs to",17,17/30,6,6,+4,Psychic Assault,Far,3d8+3 mag,Manipulation +3,Unprotected Mind,The Demon’s standard attack deals direct damage.,My Turn,"When the Demon marks HP from an attack, spend a number of Fear equal to the HP marked by the Demon to cause the attacker to mark the same number of HP.",Rivalry,"When a creature within Close range takes damage from a diff erent adversary, you can mark a Stress to add a d4 to the damage roll.",What’s Yours Is Mine,"When a PC takes Severe damage within Very Close range of the Demon, you can spend a Fear to cause the target to make a Finesse Reaction Roll. On a failure, the Demon seizes one item or consumable of their choice from the target’s inventory.",,,,,,
Demon Of Wrath,3,Bruiser,"A hulking demon with boulder-sized fi sts, driven by endless rage.","Fuel anger, impress rivals, wreak havoc",17,22/40,7,5,+3,Fists,Very Close,3d8+1 mag,Intimidation +2,Anger Unrelenting,The Demon’s attacks deal direct damage.,Battle Lust,Spend a Fear to boil the blood of all PCs within Far range. They use a d20 as their Fear Die until the end of the scene.,Retaliation,"When the Demon takes damage from an attack within Close range, you can mark a Stress to make a standard attack against the attacker.",Blood and Souls,"Countdown (Loop 6). Activate the fi rst time an attack is made within sight of the Demon. It ticks down when a PC takes a violent action. When it triggers, summon 1d4 Minor Demons, who appear at Close range. 134 Daggerheart SRD",,,,,,
Dire Bat,3,Skulk,A wide-winged pet endlessly loyal to their vampire owner.,"Dive-bomb, hide, protect leader",14,16/30,5,3,+2,Claws and Teeth,Melee,2d6+7 phy,Bloodthirsty +3,Flying,"While fl ying, the Bat gains a +3 bonus to their Diffi culty.",Screech,Mark a Stress to send a high-pitch screech out toward all targets in front of the Bat within Far range. Those targets must mark 1d4 Stress.,Guardian,"When an allied Vampire marks HP, you can mark a Stress to fl y into Melee range of the attacker and make an attack with advantage against them. On a success, deal 2d6+2 physical damage.",,,,,,,,
Drake,3,Skulk,"A clawed quadruped that has a scaled, serpentine body and a willingness to serve its cousins, the dragons.","Coil and crush, protect master, slither around",14,16/30,5,3,+4,Claws & Teeth,Melee,3d8+5 phy,Vicious +3,Relentless (2),The Drake can be spotlighted up to two times per GM turn. Spend Fear as usual to spotlight it.,Guard Dog,"When a PC would deal damage to a creature within Close range, you can mark a Stress to have the Drake move to intercept the attack and take the damage instead. If the attacker is within Melee range of the Drake’s new position, you can immediately spotlight the Drake without spending Fear.",,,,,,,,,,
Dryad,3,Leader,A nature spirit in the form of a humanoid tree.,"Command, cultivate, drive out, preserve the",16,24/38,8,5,+4,Deadfall Shortbow,Far,3d10+1 phy,Forest Knowledge +4,Bramble Patch,Mark a Stress to target a point within Far range. Create a patch of thorns that covers an area within Close range of that point. All targets within that area take 2d6+2 physical damage when they act. A target must succeed on a Finesse Roll or deal more than 20 damage to the Dryad with an attack to leave the area.,Grow Saplings,"Spend a Fear to grow three Treant Sapling Minions, who appear at Close range and immediately take the spotlight.",We Are All One,"When an ally dies within Close range, you can spend a Fear to clear 2 HP and 2 Stress as the fallen ally’s life force is returned to the forest.",,,,,,,,
Dullahan,3,Bruiser,A horse-mounted specter holding their own severed head in one hand and wielding a whip fashioned from a human spine in the other.,"Doom with a glance, gallop across water, kick",17,22/40,7,4,+3,Spine Whip,Very Close,3d10+1 mag,Nocturnal +3,Specter,The Dullahan has resistance to physical damage. Mark a Stress to move up to Close range through solid objects.,Spectral Mount,"While atop their steed, the Dullahan can move up to Far range instead of Close range before taking an action. If the Dullahan is unhorsed, their mount disappears until you mark a Stress to summon it again. The Dullahan is Vulnerable while not on their horse.",Bone Whip Strike,"Mark a Stress to make an attack against a target within Melee range. On a success, the target takes 4d4+10 direct physical damage and is Vulnerable until they clear a HP.",Death Glare,"Spend a Fear to choose a PC within Far range. The target must make an Presence Reaction Roll (19). On a success, they mark a Stress. On a failure, they mark a HP and activate a Doom Countdown (4). It ticks down when the Dullahan is spotlighted. When it triggers, the target makes a death move. If the Dullahan is defeated or the PCs take a rest, all Doom Countdowns end.",,,,,,
Elemental Spark,3,Minion,A blazing mote of elemental fi re.,"Blast, consume, gain mass",15,None,1,1,+0,Bursts of Fire,Close,5 mag,,Minion (),"The Elemental is defeated when they take any damage. For every 9 damage a PC deals to the Elemental, defeat an additional Minion within range the attack would succeed against.",Group Attack,"Spend a Fear to choose a target and spotlight all Elemental Sparks within Close range of them. Those Minions move into Melee range of the target and make one shared attack roll. On a success, they deal 5 physical damage each. Combine this damage.",,,,,,,,,,
Fire Titan,3,Solo,An armor-clad goliath who has ash-gray skin and fi ery hair and wields a masterwork greatsword crafted in their own smithy.,"Act valorously, make war, think tactically",18,19/35,10,5,+3,Greatsword,Close,3d12+4 phy,"Smithing +5, Tactics +3",Relentless (3),The Titan can be spotlighted up to three times per GM turn. Spend Fear as usual to spotlight them.,Masterwork Armor,"Countdown (3). When the Titan fi rst appears, activate the countdown. It ticks down when the Titan takes Major or Severe damage. Until the countdown triggers, reduce incoming damage by 1d12. When it triggers, the Titan gains a +1 bonus to their Diffi culty and attack rolls.",Momentum,"When the Titan makes a successful attack against a PC, you gain a Fear.",Hurl Rock,"Mark a Stress to choose a point within Far range, then make an attack against all targets between the Titan and that point. Targets the Titan succeeds against take 3d12 physical damage.",Skull Splitter,"Mark a Stress to place a token on this stat block. The next time the Titan is spotlighted, you must spend the token from this stat block and make an attack against a PC within Close range. On a success, deal 3d20+5 direct physical damage. On a failure, the target marks a Stress.",Blazing Heart,"When the Titan marks half or more of their HP, you can spend a Fear and mark any number of Stress to clear a number of HP equal to the number of Stress marked. Daggerheart SRD 135",,
Frost Titan,3,Bruiser,A blue-skinned goliath who has rimed hair and wears trophies of past battles.,"Claim trophies, raid and pillage, test mettle",17,22/40,10,4,+7,Dual Axes,Very Close,3d10+2 phy,"Cold +3, War +3",Relentless (2),The Titan can be spotlighted up to two times per GM turn. Spend Fear as usual to spotlight them.,War Horn,Mark a Stress to force each PC within Far range to succeed on a Presence Reaction Roll or mark a Stress and become Vulnerable until after the next attack against them.,Bull Rush,"Mark a Stress to move up to Close range and make an attack roll against a target within Melee range. On a success, deal 4d10+2 physical damage and knock the target back to Close range.",Cleaving Strike,"When a PC marks HP from the Titan’s standard attack, you can mark a Stress to force another PC within Very Close range who the attack would have succeeded against to mark the same number of HP.",Trophy Hunter,"When the Titan defeats a PC, the Titan takes the PC’s most valuable possession as a trophy.",,,,
Gargantuan Sea Turtle,3,Solo,A monstrous sea turtle that has an adamantine shell and beak.,"Acquire riches, capsize trading vessels, lie in",18,21/41,10,6,+7,Crushing Jaws,Very Close,3d12+7 phy,Open Sea +5,Relentless (3),The Turtle can be spotlighted up to three times per GM turn. Spend Fear as usual to spotlight it.,Piercing Bite,"When the Turtle makes a successful standard attack against a PC, the PC must either mark an Armor Slot without receiving its benefi t or take double damage.",Tail Bash,"Mark a Stress to make a standard attack against all PCs behind the Turtle within Very Close range. On a success, a target takes an extra 1d12 physical damage and is pushed away from the Turtle to Close range.",Gigaton Splash,"Spend a Fear to have the Turtle use its weight to unleash an unstoppable wall of water that targets all creatures within Far range. Each PC must make a Strength Reaction Roll to navigate the tide. Targets who fail are pushed away from the Turtle to Close range, take 4d8 physical damage, and become temporarily Vulnerable. Targets who succeed must mark a Stress. For each target who failed, you gain a Fear.",Steam Breath,Spend 2 Fear to have the Turtle release a blast of superheated steam targeting all PCs in front of it within Close range. Each target must make an Agility Reaction Roll. Targets who fail take 4d8 magic damage and become temporarily Vulnerable. Targets who succeed must choose to either mark a Stress or take half damage. 136 Daggerheart SRD,,,,
Greater Earth Elemental,3,Bruiser,"A living landslide of boulders and dust, as large as a house.","Avalanche, knock over, pummel",17,22/40,10,4,+7,Boulder Fist,Very Close,3d10+1 phy,,Slow,"When you spotlight the Elemental and they don’t have a token on their stat block, they can’t act yet. Place a token on their stat block and describe what they’re preparing to do. When you spotlight the Elemental and they have a token on their stat block, clear the token and they can act.",Crushing Blows,"When the Elemental makes a successful attack, the target must mark an Armor Slot without receiving its benefi ts (they can still use armor to reduce the damage). If they can’t mark an Armor Slot, they must mark an additional HP.",Immovable Object,"An attack that would move the Elemental moves them two fewer ranges (for example, Far becomes Very Close). When the Elemental takes physical damage, reduce it by 7.",Rockslide,Mark a Stress to create a rockslide that buries the land in front of Elemental within Close range with rockfall. All targets in this area must make an Agility Reaction Roll (19). Targets who fail take 2d12+5 physical damage and become Vulnerable until their next roll with Hope. Targets who succeed take half damage.,Momentum,"When the Elemental makes a successful attack against a PC, you gain a Fear. GREATER WATER ELEMENTAL Tier  Support A huge living wave that crashes down upon enemies. Motives & Tactics: Deluge, disperse, drown Diffi culty: 17 | Thresholds: 17/34 | HP: 5 | Stress: 5 ATK: +3 | Crashing Wave: Very Close | 3d4+1 mag FEATURES",Water Jet,"Mark a Stress to attack a target within Very Close range. On a success, deal 2d4+7 physical damage and the target’s next action has disadvantage. On a failure, the target must mark a Stress.",Drowning Embrace,"Spend a Fear to make an attack against all targets within Very Close range. Targets the Elemental succeeds against become Restrained and Vulnerable as they begin drowning. A target can break free, ending both conditions, with a successful Strength or Instinct Roll."
Huge Green Ooze,3,Skulk,A translucent green mound of acid taller than most humans.,"Camoufl age, creep up, envelop, multiply",15,15/30,7,4,+3,Ooze Appendage,Melee,3d8+1 mag,Blend In +3,Slow,"When you spotlight the Ooze and they don’t have a token on their stat block, they can’t act yet. Place a token on their stat block and describe what they’re preparing to do. When you spotlight the Ooze and they have a token on their stat block, clear the token and they can act.",Acidic Form,"When the Ooze makes a successful attack, the target must mark an Armor Slot without receiving its benefi ts (they can still use armor to reduce the damage). If they can’t mark an Armor Slot, they must mark an additional HP.",Envelop,"Make an attack against a target within Melee range. On a success, the Ooze Envelops them and the target must mark 2 Stress. While Enveloped, the target must mark an additional Stress every time they make an action roll. When the Ooze takes Severe damage, all Enveloped targets are freed and the condition is cleared.",Split,"When the Ooze has 4 or more HP marked, you can spend a Fear to split them into two Green Oozes (with no marked HP or Stress). Immediately spotlight both of them.",,,,,,
Hydra,3,Solo,"A quadrupedal scaled beast with multiple long-necked heads, each fi lled with menacing fangs.","Devour, regenerate, terrify",18,19/35,10,5,+3,Bite,Close,2d12+2 phy,,Many-Headed Menace,"The Hydra begins with three heads and can have up to fi ve. When the Hydra takes Major or greater damage, they lose a head.",Relentless (X),"The Hydra can be spotlighted X times per GM turn, where X is the Hydra’s number of heads. Spend Fear as usual to spotlight them.",Regeneration,"If the Hydra has any marked HP, spend a Fear to clear a HP and grow two heads.",Terrifying Chorus,All PCs within Far range lose 2 Hope.,Magical Weakness,"When the Hydra takes magic damage, they become Dazed until the next roll with Fear. While Dazed, they can’t use their Regeneration action but are immune to magic damage.",,,,
Lamia,3,Skulk,A snake-tailed humanoid monster who stalks the night to absorb the life energy of sleeping people.,"Attack the unaware, avoid sunlight, leech life",17,18/35,6,5,+3,Curved Dagger,Melee,3d8+4 phy,Snaky +3,Constriction,"Mark a Stress to have the Lamia wrap their tail around a PC within Melee range and squeeze. The target must succeed on a Finesse Reaction Roll or become Constricted until the Lamia moves or takes Major or greater damage. While Constricted, the target is Restrained and must mark a Stress when the Lamia takes the spotlight.",Life Leech,Mark a Stress to force a Vulnerable or Restrained target within Melee range to mark 1d4−1 HP. The Lamia then clears an equal number of HP.,Sleep Toxin,"When the Lamia makes a successful standard attack against a PC, you can spend a Fear to make them Vulnerable until they succeed on a Instinct Roll (19).",,,,,,,,
Lamplight Beguiler,3,Skulk,"A huge aquatic creature that lures unwary prey into eating range with its dangling, shapeshifting head stalk.","Entice with secret knowledge, snap the trap",16,16/32,6,5,+3,Jaws,Melee,3d8+2 phy,"Charm +3, Secrets +3",Doppel-Dangler,The membranous cluster at the end of the Beguiler’s head stalk can shapeshift into any humanoid form. Mark a Stress to choose a PC within Close range. Their player must tell you who their PC would fi nd most trustworthy. The Beguiler’s head stalk transforms into that person and gains the ability to speak in their voice.,Entice,"Spend a Fear to have the Beguiler make an alluring overture to a PC within Close range. The PC must succeed on a Presence Reaction Roll (18) or move into Melee range with the Beguiler. If the Beguiler’s head stalk is transformed into a person the PC would fi nd trustworthy, they have disadvantage on the reaction roll.",Gulp,"When a PC moves within Melee range, you can spend a Fear to make an attack roll against them. On a successful attack, the target takes 3d6 physical damage and is Swallowed. While Swallowed, the target is Restrained and takes 3d6 physical damage when the Beguiler takes the spotlight. The Beguiler disgorges all Swallowed creatures when it takes Major or Severe damage. Daggerheart SRD 137",,,,,,,,
Manticore,3,Solo,"A legendary beast that has a human’s face, lion’s body, scorpion’s tail, and dragon’s wings.","Bite, claw, pounce, riddle, swipe, swoop, trick",17,20/35,12,6,+6,Teeth & Claws,Very Close,3d12+6 phy,"Overgrowth +3, Riddles +3",Relentless (3),The Manticore can be spotlighted up to three times per GM turn. Spend Fear as usual to spotlight them.,Riddle Me This,"The Manticore is obsessed with puzzles and can be distracted by brain teasers, word games, or other semi-intellectual diversions.",Winged,"While airborne, the Manticore gains a +2 bonus to their Diffi culty and attack rolls.",Pouncing Attack,"Spend a Fear to have the Manticore pounce into Melee range of a target within Far range and make an attack against them. On a success, deal 3d20+6 physical damage, and the target becomes Shaky until they spend a Hope. While Shaky, the target makes attack rolls with disadvantage.",Paralyzing Tail Spike,"Mark a Stress to make an attack roll against a target within Close range. On a success, the target takes 3d8 physical damage and becomes Restrained until they overcome the toxin with a successful Strength Roll.",Locking Jaws,"When the Manticore succeeds on a standard attack against a target within Melee range, you can mark a Stress to lock their jaws onto the target, making the target Restrained and Vulnerable until they escape with a successful Strength Roll (19). MONARCH Tier  Social The sovereign ruler of a nation, wreathed in the privilege of tradition and wielding unmatched power in their domain. Motives & Tactics: Control vassals, destroy rivals, forge a legacy Diffi culty: 16 | Thresholds: 16/32 | HP: 6 | Stress: 5 ATK: +0 | Warhammer: Melee | 3d6+3 phy Experience: History +3, Nobility +3 FEATURES",Execute Them!,Spend a Fear per PC in the party to have the group condemned for crimes real or imagined. A PC who succeeds on a Presence Roll can demand trial by combat or another special form of trial.
Phoenix,3,Ranged,"A huge eagle that’s made of magical fl ame, impossible to kill, and hunted for its healing plumage.","Flee pursuers, live brilliantly, soar through the",18,19/30,6,6,+4,Fire Bolt,Very Far,3d10+3 mag,"Bright +4, Legendary +3",Purifying Aura,"Any PC who takes an action within the Phoenix’s Melee range can spend a Hope to purify themself in its healing warmth, clearing a HP or a Stress and all conditions.",Fireseed,"The Phoenix bleeds magic fi re. When the Phoenix marks a HP, summon one Minor Fire Elemental within Very Close range. Resurrection - Evolution: When the Phoenix is defeated, it becomes a cloud of ash that blows away to reveal a Smoldering Egg. The Egg is immune to all damage and has a heat aura that deals 3d4 direct magic damage to anyone who touches it. The Egg hatches into a new Phoenix, with all HP and Stress cleared, in 7 days.",,,,,,,,,,
Plesiosaurus,3,Standard,A canoe-length marine lizard that has a long neck and four fl ippers.,"Dive deeper, eat fi sh, swim peacefully",16,18/35,7,5,+2,Bite,Very Close,3d8+5 phy,Lochs +3,Only a Rumor,"While deep underwater, the Plesiosaurus can’t be located or targeted.",Wall of Water,"Mark a Stress to have the Plesiosaurus breach and crash, sending a wall of water from one side of its body. Each PC within Far range on that side of the Plesiosaurus must succeed on an Agility Reaction Roll (18) or take 3d10 physical damage and be pushed back to Far range.",,,,,,,,,,
Roc,3,Solo,A giant falcon that nests in the mountains and unleashes storms.,"Breathe lightning and speak thunder, protect",18,20/35,12,6,+3,Beak & Talons,Very Close,3d12+8 phy,Craggy Peaks +3,Relentless (3),The Roc can be spotlighted up to three times per GM turn. Spend Fear as usual to spotlight it.,Bird of Prey,"Once per GM turn, the Roc can move up to Very Far range before or after it takes an action.",Here Comes the Boom,Spend a Fear to have the Roc unleash a storm of lightning and thunder. Make an attack roll against 1d4+1 targets within Far range. Targets the Roc succeeds against take 3d12 magic damage. Then each target within Far range of the Roc must make an Agility Reaction Roll (20). Targets who fail take 3d8 physical damage and are pushed back to Close range. Targets who succeed must mark a Stress.,Crushing Grasp,"When the Roc makes a successful standard attack, you can mark a Stress to have the Roc crush the target with its talons, forcing them to mark 1d4 Stress and Restraining them until they succeed on a Strength Roll (20). Nest Warden - Evolution: When the Roc’s eggs are threatened, it gains the following features:",Wrathful,The Roc gains a +2 bonus to its Diffi culty and a bonus to damage rolls equal to the number of Stress it has marked.,Electrifying Aura,The Roc has resistance to magic damage. PCs who fail a roll within Very Close range must spend a Hope or mark 1d4 Stress.,,
Sandwyrm,3,Bruiser,A gargantuan burrowing worm that has armor plating and gnashing jaws. This intelligent and opportunistic hunter can swim through sand as quickly as a cheetah runs on land.,"Ambush from below, eat and leave, tunnel and",17,21/40,6,3,+1,Bite,Very Close,3d8+4 phy,Tremor Sense +4,Venomous Tail Stinger,"Mark a Stress to attack a target within Close range. On a success, the target takes 3d10+2 physical damage and must succeed on a Strength Reaction Roll or become Restrained and Vulnerable until they roll with Hope.",Devour,"Make an attack against a target within Melee range. On a success, the Sandwyrm Swallows the target. While Swallowed, the target is Restrained and marks a HP when the Sandwyrm is spotlighted. The Sandwyrm disgorges all Swallowed creatures when it takes Major or greater damage.","Hungry, Not Stupid","When the Sandwyrm marks half its HP or Swallows a creature, roll a d6. On a result of 3 or lower, the Sandwyrm retreats to safety. Daggerheart SRD 139",,,,,,,,
Shapeshifting Fiend Revealed,3,Solo,A towering humanoid who has an insectile head and multiple sets of glowing red eyes.,"Claim souls, confuse and misdirect, escape to",17,20/32,10,8,+3,Mantis Claws,Very Close,3d12+5 phy,"Hellbound +3, Immortal +2",Relentless (3),The Fiend can be spotlighted up to three times per GM turn. Spend Fear as usual to spotlight them.,Fiendish Resistance,The Fiend has resistance to magic damage and can’t be fooled by magic illusions.,Demonic Rage,"Spend a Fear to make a standard attack with a bonus to the attack roll equal the amount of Stress the Fiend has marked. On a success, the attack deals direct damage.",Hall of Mirrors,"Mark 2 Stress to have the Fiend summon four illusory duplicates and activate a Duplicate Countdown (4). When the Fiend is targeted by an attack, they gain a bonus to their Diffi culty equal to the countdown die’s current value. The countdown ticks down when a PC fails an attack against the Fiend. When it triggers, the duplicates vanish.",Flash Claw,Spend a Fear to have the Fiend unleash an arc of magical energy. Make an attack roll against all targets within Close range. Targets the attack succeeds against take 3d20 magic damage.,Mind Games,"When an attack targeting the Fiend from beyond Very Close range succeeds with Fear, you can mark a Stress to have the Fiend instantly switch places with a PC within Very Close range. The PC takes the damage instead. 140 Daggerheart SRD",,
Stag Knight,3,Standard,"A knight with huge, majestic antlers wearing armor made of dangerous thorns.","Isolate, maneuver, protect the forest, weed",17,19/36,7,5,+3,Bramble Sword,Melee,3d8+3 phy,Forest Knowledge +3,From Above,"When the Knight succeeds on a standard attack from above a target, they deal 3d12+3 physical damage instead of their standard damage.",Blade of the Forest,Spend a Fear to make an attack against all targets within Very Close range. Targets the Knight succeeds against take physical damage equal to 3d4 + the target’s Major threshold.,Thorny Armor,"When the Knight takes damage from an attack within Melee range, you can mark a Stress to deal 1d10+5 physical damage to the attacker.",,,,,,,,
Storm Titan,3,Solo,"An ancient, wise, and temperamental goliath who has hair made of mist and electricity crackling across their skin.","Erupt violently, wait, watch",20,35/70,11,8,+7,Lightning Bolt,Far,3d20+10 mag,Power of the Storm +3,Relentless (3),The Titan can be spotlighted up to three times per GM turn. Spend Fear as usual to spotlight them.,Momentum,"When the Titan makes a successful attack against a PC, you gain a Fear.",Ball Lightning,"Spend a Fear to have the Titan conjure 1d4 spheres of electrical energy within Close range. When the Titan is spotlighted, they can move each sphere up to Close range. When a sphere moves within Very Close range of a PC, the PC takes 4d6 magic damage, and the sphere disappears. Each sphere has the same Diffi culty as the Titan and disappears if a creature deals magic damage to it.",Storm Bringer,Mark a Stress to have the Titan conjure a raging storm. Each PC within Close range of the Titan must make a Strength Reaction Roll. Targets who fail take 3d12 magic damage and are Vulnerable until they are spotlighted. Targets who succeed take half damage.,Thunderclap,Spend a Fear to target up to three PCs in front of the Titan within Close range. Each target marks a Stress and becomes Vulnerable until they roll with Hope.,,,,
Oak Treant,3,Bruiser,A sturdy animate old-growth tree.,"Hide in plain sight, preserve the forest, root",17,22/40,7,4,+2,Branch,Very Close,3d8+2 phy,Forest Knowledge +3,Just a Tree,"Before they make their fi rst attack in a fi ght or after they become Hidden, the Treant is indistinguishable from other trees until they next act or a PC succeeds on an Instinct Roll to identify them.",Seed Barrage,"Mark a Stress and make an attack against up to three targets within Close range, pummeling them with giant acorns. Targets the Treant succeeds against take 2d10+5 physical damage.",Take Root,"Mark a Stress to Root the Treant in place. The Treant is Restrained while Rooted, and can end this eff ect instead of moving while they are spotlighted. While Rooted, the Treant has resistance to physical damage.",,,,,,,,
Treant Sapling,3,Minion,"A small, sentient tree sapling.","Blend in, preserve the forest, pummel,",14,None,1,1,+0,Branches,Melee,8 phy,,Minion (),"The Sapling is defeated when they take any damage. For every 6 damage a PC deals to the Sapling, defeat an additional Minion within range the attack would succeed against.",Group Attack,"Spend a Fear to choose a target and spotlight all Treant Saplings within Close range of them. Those Minions move into Melee range of the target and make one shared attack roll. On a success, they deal 8 physical damage each. Combine this damage.",,,,,,,,,,
Unicorn,3,Standard,"A celestial avatar of goodness in the form of a preternaturally beautiful horse with a long, spiraled horn emerging from its head.","Keep evil at bay, protect the sacred, sense",17,19/36,7,5,+3,Hoof & Horn,Melee,3d10+3 mag,"Magic +3, Nature +3",Celestial Lance,The Unicorn’s standard attack deals double damage to a creature that has dealt damage to it.,Healing Touch,The Unicorn touches its horn to an ally within Melee range and channels healing energy into them. Mark any number of Stress to clear an equal number of the ally’s HP.,Protective Aura,"Mark a Stress to have the Unicorn conjure a sparkling magical aura. While the aura is in eff ect, attack rolls made against the Unicorn or an ally within Very Close range are made with disadvantage. This eff ect lasts until the Unicorn takes damage.",Teleport,Mark a Stress to have the Unicorn teleport up to Very Far range. The Unicorn can bring up to three allies within Very Close range with it.,,,,,,
Head Vampire,3,Leader,A captivating undead dressed in aristocratic fi nery.,"Create thralls, charm, command, fl y, intimidate",17,22/42,6,6,+5,Rapier,Melee,2d20+4 phy,Aristocrat +3,Terrifying,"When the Vampire makes a successful attack, all PCs within Far range lose a Hope and you gain a Fear.",Look into My Eyes,"A creature who moves into Melee range of the Vampire must make an Instinct Reaction Roll. On a failure, you gain 1d4 Fear.",Feed on Followers,"When the Vampire is within Melee range of an ally, they can cause the ally to mark a HP. The Vampire then clears a HP.",The Hunt Is On,"Spend 2 Fear to summon 1d4 Vampires, who appear at Far range and immediately take the spotlight.",Lifesuck,"When the Vampire is spotlighted, roll a d8. On a result of 6 or higher, all targets within Very Close range must mark a HP. Daggerheart SRD 141",,,,
Vampire,3,Standard,An intelligent undead with blood-stained lips and a predator’s smile.,"Bite, charm, deceive, feed, intimidate",16,18/35,5,4,+3,Rapier,Melee,3d8 phy,Nocturnal Hunter +3,Draining Bite,"Make an attack against a target within Melee range. On a success, deal 5d4 physical damage. A target who marks HP from this attack loses a Hope and must mark a Stress. The Vampire then clears a HP.",Mistform,"When the Vampire takes physical damage, you can spend a Fear to take half damage. VAMPIRE BAT SWARM Tier  Horde (/HP) A cloud of blood-sucking bats. Motives & Tactics: Blot out the moon, murmur, spread disease Diffi culty: 15 | Thresholds: 16/30 | HP: 8 | Stress: 3 ATK: +1 | Fangs: Melee | 3d6+6 phy Experience: Blood +3 FEATURES",Horde (2d),"When the Swarm has marked half or more of its HP, its standard attack deals 2d6 physical damage instead.",Blinding Multitude,The Swarm is so thick it blocks the vision of anyone it interacts with. Creatures within Melee range have disadvantage on attacks made against adversaries other than the Swarm.,Bloodsuckers,"When the Swarm deals damage to a target, you can mark a Stress to have the Swarm feed. The target marks an additional HP, and the Swarm clears a HP. 142 Daggerheart SRD",,,,
Vampire Lord,3,Solo,"A cruel vampire lord from a long-lost age, cursed with immortality.","Corrupt, destroy, overwhelm with evil power",18,24/45,7,7,+5,Claws,Melee,3d10+2 phy,"Evil +3, Noble +3",Relentless (3),The Vampire Lord can be spotlighted up to three times per GM turn. Spend Fear as usual to spotlight them.,Midnight Heart,"Long-Term Countdown (6). The Vampire Lord keeps their heart hidden in a safe place. If it’s destroyed, the Vampire Lord dies. Otherwise, when the Vampire Lord is defeated, activate the countdown. It ticks down each time the PCs fi nish a long rest. When it triggers, the Vampire Lord revives within Close range of the heart with all HP and Stress cleared.",Terrifying,"When the Vampire Lord makes a successful attack roll, all PCs within Close range lose a Hope, and you gain a Fear.",Unleash Hellfi re,"Mark a Stress to have the Vampire Lord momentarily conjure 1d4 bursts of hellfi re within Far range. Each burst deals 3d6 magic damage to each target within Very Close range. If a target takes damage from multiple bursts, combine the damage.",Resurgence,"When a PC within Very Close range rolls with Hope, you can spend a Fear to clear a HP or a Stress.",Melt into Shadow,"When a PC would deal damage to the Vampire Lord, you can spend a Fear to roll a d6. On a result of 5 or higher, negate the damage, then teleport the Vampire Lord to a point within Far range. Hellwing - Evolution: When the Vampire Lord marks half their HP, they transform into the Hellwing: a towering, demonic bat creature. They gain the “On Crimson Wings” and “Bloodbath” features and replace their standard attack with the following standard attack: Claws: Close | 3d12+6 phy",On Crimson Wings,"While fl ying, the Hellwing gains a +1 bonus to their Diffi culty."
Vault Guardian Sentinel,3,Bruiser,A dust-covered golden construct with boxy limbs and a huge mace for a hand.,"Destroy at any cost, expunge, protect",17,21/40,6,3,+3,Charged Mace,Very Close,2d12+1 phy,,Kinetic Slam,Targets who take damage from the Sentinel’s standard attack are knocked back to Very Close range.,Box In,Mark a Stress to choose a target within Very Close range to focus on. That target has disadvantage on attack rolls when they’re within Very Close range of the Sentinel. The Sentinel can only focus on one target at a time.,Mana Bolt,Spend a Fear to lob explosive magic at a point within Far range. All targets within Very Close range of that point must make an Agility Reaction Roll. Targets who fail take 2d8+20 magic damage and are knocked back to Close range. Targets who succeed take half damage and aren’t knocked back.,Momentum,"When the Sentinel makes a successful attack against a PC, you gain a Fear.",,,,,,
Vault Guardian Turret,3,Ranged,A massive living turret with reinforced armor and twelve piston- driven mechanical legs.,"Concentrate fi re, lock down, mark, protect",16,20/32,5,4,+3,Magitech Cannon,Far,3d10+3 mag,,Slow Firing,"When you spotlight the Turret and they don’t have a token on their stat block, they can’t make a standard attack. Place a token on their stat block and describe what they’re preparing to do. When you spotlight the Turret and they have a token on their stat block, clear the token and they can attack.",Mark Target,"Spend a Fear to Mark a target within Far range until the Turret is destroyed or the Marked target becomes Hidden. While the target is Marked, their Evasion is halved.",Concentrate Fire,"When another adversary deals damage to a target within Far range of the Turret, you can mark a Stress to add the Turret’s standard attack damage to the damage roll.",Detonation,"When the Turret is destroyed, they explode. All targets within Close range must make an Agility Reaction Roll. Targets who fail take 3d20 physical damage. Targets who succeed take half damage.",,,,,,
Viscera Sucker,3,Skulk,A vampiric demon whose upper body detaches at sundown to fl y through nearby villages in search of victims. It has a winged upper body with hanging entrails.,"Clamp onto prey, suck blood, tear in half",14,16/30,5,3,+2,Long Nails,Melee,2d6+7 phy,Flying +3,Join or Die,The Viscera Sucker dies if it hasn’t reconnected its upper and lower halves by dawn.,Entangling Entrails,"Spend a Fear to have the Viscera Sucker latch onto a target within Very Close range, Restraining them until they escape with a successful Strength Roll (16).",Lifesuck,"Mark a Stress to have the Viscera Sucker drink blood from a Restrained target within Melee range. The target marks a HP, and the Viscera Sucker clears a HP.",,,,,,,,
Whisper Wraith,3,Skulk,"The echoes of broken promises and dreams unfulfi lled, manifesting as a fl oating, translucent shroud of tattered black velvet in a vaguely humanoid shape.","Bind limbs, drop from a great height, lift off",16,20/32,6,6,+4,Shadow Touch,Melee,3d8+4 mag,Dreams +4,Greater Specter,The Wraith has resistance to physical damage and can move through solid objects.,Spooky,"When the Wraith makes a successful attack, all PCs within Close range must mark a Stress, and you gain a Fear.",Nightmare Shroud,"Spend a Fear to have the Wraith wrap itself around a PC within Melee range, Shrouding the target until they succeed on a Strength Roll to dislodge the Wraith or the Wraith takes Major or greater damage. While Shrouded, the target has disadvantage on attack rolls and marks a Stress when they roll with Fear. Additionally, damage that would be dealt to the Wraith is split evenly between the Wraith and the Shrouded target. Daggerheart SRD 143",,,,,,,,
Wyvern,3,Standard,A two-legged dragon that fl ies from its mountaintop aerie to devour livestock.,"Cast a long shadow, snatch and grab, wheel",16,18/35,7,5,+2,Teeth & Claws,Very Close,3d8+5 phy,Death from Above +4,Double Strike,"Mark a Stress to have the Wyvern make two standard attacks. If both attacks succeed against the same target, combine the damage.",Terrifying Shriek,"Spend a Fear to have the Wyvern let out a spine-chilling screech. All PCs within Far range are Terrifi ed until they succeed on a Presence Roll (18) to clear the condition or the Wyvern is defeated. While Terrifi ed, a PC doesn’t gain a Hope when they roll with Hope.",Clutch,"When the Wyvern makes a successful attack against a PC, you can spend a Fear to have the Wyvern Restrain the target in its claws until the PC succeeds on a Strength Roll (18) or the Wyvern takes Major or greater damage. While Restrained in this way, the PC has disadvantage on attack rolls.",,,,,,,,
Young Fire Dragon,3,Solo,A crimson dragon with four powerful limbs and smoldering wings.,"Burn, defend lair, erupt, fl y, shred, take",18,21/34,10,6,+7,Bite & Claws,Close,4d10 phy,Burning Rage +3,Relentless (3),The Dragon can be spotlighted up to three times per GM turn. Spend Fear as usual to spotlight it.,Intimidating,"When you spend a Fear to spotlight the Dragon, all PCs within Close range must mark a Stress or lose a Hope.",Flame Breath,Spend a Fear to have the Dragon unleash a blast of fl ame against all targets in front of it within Close range. Each target must make an Agility Reaction Roll. Targets who fail take 4d8+3 magic damage. Targets who succeed must mark a Stress or take half damage. A target who marks HP from this attack also becomes Vulnerable until they clear a HP.,Eruption,"Spend a Fear to have the Dragon crack the earth open with its tail, unleashing an explosion of lava. Choose a point within Far range. Each PC on the line between the Dragon and the chosen point must succeed on an Agility Reaction Roll or get burned, becoming Vulnerable until their next rest. You gain a Fear for each PC who fails.",Blazing Scales,"When a creature within Very Close range attacks the Dragon, the attacker must mark a Stress.",Slash and Burn,"When the Dragon makes a successful standard attack, you gain a Fear and can mark a Stress to have the attack deal an extra 10 magic damage. 144 Daggerheart SRD",,
Young Ice Dragon,3,Solo,A glacier-blue dragon with four powerful limbs and frost-tinged wings.,"Avalanche, defend lair, fl y, freeze, defend what",18,21/41,10,6,+7,Bite and Claws,Close,4d10 phy,Protect What Is Mine +3,Relentless (3),The Dragon can be spotlighted up to three times per GM turn. Spend Fear as usual to spotlight them.,Rend and Crush,"If a target damaged by the Dragon doesn’t mark an Armor Slot to reduce the damage, they must mark a Stress.",No Hope,"When a PC rolls with Fear while within Far range of the Dragon, they lose a Hope.",Blizzard Breath,Spend 2 Fear to release an icy whorl in front of the Dragon within Close range. All targets in this area must make an Agility Reaction Roll. Targets who fail take 4d6+5 magic damage and are Restrained by ice until they break free with a successful Strength Roll. Targets who succeed must mark 2 Stress or take half damage.,Avalanche,"Spend a Fear to have the Dragon unleash a huge downfall of snow and ice, covering all other creatures within Far range. All targets within this area must succeed on an Instinct Reaction Roll or be buried in snow and rocks, becoming Vulnerable until they dig themselves out from the debris. For each PC that fails the reaction roll, you gain a Fear.",Frozen Scales,"When a creature makes a successful attack against the Dragon from within Very Close range, they must mark a Stress and become Chilled until their next rest or they clear a Stress. While they are Chilled, they have disadvantage on attack rolls.",Momentum,"When the Dragon makes a successful attack against a PC, you gain a Fear."
Arch-Necromancer,4,Leader,"A decaying mage adorned in dark, tattered robes.","Corrupt, decay, fl ee to fi ght another day,",21,33/66,9,8,+6,Necrotic Blast,Far,4d12+8 mag,"Forbidden Knowledge +3, Wisdom of Centuries +3",Dance of Death,"Mark a Stress to spotlight 1d4 allies. Attacks they make while spotlighted in this way deal half damage, or full damage if you spend a Fear.",Beam of Decay,Mark 2 Stress to cause all targets within Far range to make a Strength Reaction Roll. Targets who fail take 2d20+12 magic damage and you gain a Fear. Targets who succeed take half damage. A target who marks 2 or more HP must also mark 2 Stress and becomes Vulnerable until they roll with Hope.,Open the Gates of Death,"Spend a Fear to summon a Zombie Legion, which appears at Close range and immediately takes the spotlight.","Not Today, My Dears","When the Necromancer has marked 7 or more of their HP, you can spend a Fear to have them teleport away to a safe location to recover. A PC who succeeds on an Instinct Roll can trace the teleportation magic to their destination.",Your Life Is Mine,"Countdown (Loop 2d6). When the Necromancer has marked 6 or more of their HP, activate the countdown. When it triggers, deal 2d10+6 direct magic damage to a target within Close range. The Necromancer then clears a number of Stress or HP equal to the number of HP marked by the target from this attack.",,,,
Cephilith Abomination,4,Bruiser,"A lumbering, bog-grown frog beast that has tadpolelike leeches visibly wriggling underneath their translucent skin.","Do the heavy lifting, leap menacingly, move",19,35/70,7,5,+4,Meaty Fists,Melee,4d10+10 phy,Brute +3,Toxic Skin,"A PC who comes into physical contact with the Abomination must roll a d6. On a result of 3 or lower, the PC must mark an Armor Slot or 2 HP.",Bear Hug,"Mark a Stress to make a standard attack against a target within Melee range. On a success, the target takes standard damage and is Grappled until they escape with a successful Strength Roll. While Grappled, the target is Vulnerable and Restrained.",Crunch!,Spend a Fear to deal 4d12 direct physical damage to a creature Grappled by the Abomination.,Tongue Attack,"Spend a Fear to have the Abomination pull a target within Far range into Melee range, then immediately spotlight the Abomination again.",Burrowing Leechpoles,"When the Abomination takes Major or greater damage, their skin erupts in an explosion of subcutaneous wrigglers. Each PC within Close range must make an Agility Reaction Roll. Targets who fail are covered in 2d4 leechpoles, which burrow under their skin. Until the leechpoles are dug out with a successful Finesse Roll (21), any damage the target takes gains a +1 bonus for each leechpole under their skin.",,,,
Cephilith Hatchling,4,Minion,"A squidlike parasite that latches onto their prey’s skull, bathing the victim’s brain in extradimensional neurotoxins.","Climb, feed, hatch, numb, scuttle",18,None,1,1,+3,Barbed Suckers,Melee,9 phy,Psychic +2,Minion (12),"The Hatchling is defeated when they take any damage. For every 12 damage a PC deals to the Hatchling, the PC defeats an additional Minion within range the attack would succeed against.",Comatize,"Spend a Fear to have the Hatchling latch onto the head of a PC within Melee range. The PC must mark a Stress as the Hatchling injects the PC’s brain with psycho-chemicals, and they must mark an additional Stress each time any PC fails a roll with Fear. The PC can remove the Hatchling by spending a number of Hope equal to the number of Stress they have marked. If a PC marks their last Stress while the Hatchling is latched on, the PC must make a death move. If the PC dies, you can spend a Fear to resurrect them as a Cephilith Novitiate.",Group Attack,"Spend a Fear to choose a target and spotlight all Cephilith Hatchlings within Close range of them. Those Minions move into Melee range of the target and make one shared attack roll. On a success, they deal 9 physical damage each. Combine this damage. Daggerheart SRD 145",,,,,,,,
Cephilith Novitiate,4,Minion,A luminary of the Mortal Realm who has given their mind to extradimensional entities in exchange for eldritch abilities.,"Help others see the Truth, make way for It,",16,None,1,1,+2,Eldritch Might,Melee,12 phy,Visions +2,Minion (12),"The Novitiate is defeated when they take any damage. For every 12 damage a PC deals to the Novitiate, the PC defeats an additional Minion within range the attack would succeed against.",Group Attack,"Spend a Fear to choose a target and spotlight all Cephilith Novitiates within Close range of them. Those Minions move into Melee range of the target and make one shared attack roll. On a success, they deal 12 physical damage each. Combine this damage.",Sacrifi ce Self,Spend a Fear to have the Novitiate charge at a target within Far range and melt into them. Deal 12 direct magic damage to the target and defeat the Novitiate.,,,,,,,,
Cephilith Priest,4,Leader,"A perpetually moist, faceless humanoid from the Outer Realms who has elongated fi ngers and translucent skin, under which one can see wriggling worms.","Break the unbelievers’ minds, prepare this",20,37/70,7,5,+8,Psychic Strike,Far,4d10+10 mag,Outer Realms +4,Psychic Blast,Spend a Fear to choose up to three PCs within Close range and force them to make a Knowledge Reaction Roll. Targets who succeed take 2d10+5 direct magic damage. Targets who fail take 4d10+10 direct magic damage and are Vulnerable until spotlighted.,Cerebral Incursion,"Spend a Fear to choose a Vulnerable target within Melee range. The Priest grabs the target and inserts their elongated fi ngers into the target’s ears, nose, and mouth. The target must succeed on a Strength Reaction Roll or mark 1d6 Stress, and the Priest clears an equal number of Stress.",Telekinetic Grasp,"When the Priest makes a successful standard attack against a PC, you can mark a Stress to Restrain the target until they spend a Hope. 146 Daggerheart SRD",,,,,,,,
Cephilith Titan,4,Solo,"A transdimensional entity in the form of an impossibly large, winged humanoid with an octopus-shaped head and rows of glowing eyes.","Call and consume followers, corrupt reality,",20,38/68,10,10,+8,Pseudoclaw,Close,4d8+10 mag,"Chaos +5, Psychic +5",Relentless (X),"The Titan can be spotlighted up to X times per GM turn, where X equals the number of PCs in the scene. Spend Fear as usual to spotlight them.",Terrifying,"When the Titan makes a successful attack, all PCs within Close range lose a Hope, and you gain a Fear.",Merely a Projection,The Titan appears in the Mortal Realm as a psychic projection approximating their true form. They have immunity to physical damage and resistance to magic damage.,Psychic Scream,Spend a Fear to have the Titan unleash a mind-shattering onslaught of nightmarish visions from the Outer Realms. Each PC within Far range must make an Instinct Reaction Roll (22). Targets who fail take 4d12 direct magic damage. Targets who succeed must mark a Stress.,Summon Worshippers,"Spend a Fear to summon 1d4 Cephilith Abominations, which appear within Far range, then choose one to immediately spotlight. “It’s Here…” - Evolution: When the Titan has marked half their HP, they manifest in their full form, clearing all HP and losing the “Merely a Projection” feature. While the Titan is in this form, a creature who marks HP from the Titan’s standard attack must mark an additional HP.",,,,
Cipactli,4,Solo,"A gargantuan crocodile that has a body covered in a patchwork of fi sh scales, toad skin, and dozens of hungry mouths.","Consume, reshape the land, trample",20,35/60,8,5,+8,Bite,Close,4d8+12 phy,"Hungry +3, Primordial +3",Relentless (3),The Cipactli can be spotlighted up to three times per GM turn. Spend Fear as usual to spotlight it.,Many Mouths,Mark a Stress to make a standard attack against all targets within Very Close range. Targets the Cipactli succeeds against must also mark a Stress.,Frenzied Feeding,Spend a Fear to force all PCs within Close range to succeed on an Instinct Reaction Roll or take 4d6 direct physical damage. The Cipactli clears a HP for each creature who took Severe damage from this attack.,Quaking Footfalls,Mark a Stress to force each PC within Far range to make an Agility Reaction Roll. Targets who fail must mark 2 Stress and are Vulnerable until they take damage. Targets who succeed must mark a Stress.,Lifeblooded,"When the Cipactli takes Severe damage, its blood splashes to the ground and instantly erupts into a jungle. All creatures within Close range are temporarily Restrained.",Verdant Explosion,"When the Cipactli marks its last HP, its body erupts into dense vegetation that overtakes the landscape.",,
Demon Lord Berzug,4,Solo,"The ruler of a deep circle in the Circles Below and a huge hybrid beast with a serpent’s tail, a lizard’s hind legs, a crab’s claw arms, and a two-faced wolf’s head.","Destroy goodness, sow chaos, unseat rivals",20,35/70,12,8,+8,Abyssal Claws,Close,4d12+10 phy,Infernal Knowledge +3,Relentless (3),Berzug can be spotlighted up to three times per GM turn. Spend Fear as usual to spotlight them.,Chaos Lash,Mark a Stress to have Berzug lash at up to three PCs within Close range and force each target to make an Agility Reaction Roll. Targets who fail take 4d20 physical damage. Targets who succeed take half damage.,Gaze into the Abyss,"Spend a Fear to have Berzug lock eyes with a PC within Far range. The target must succeed on a Presence Reaction Roll or gain one of the following conditions (roll a d6 and use the corresponding result): 1–2: Mesmerized. The target immediately moves into Melee range of Berzug and is Vulnerable and Restrained until they clear the condition with a successful Instinct Roll. 3–4: Confused. The target must mark a Stress each time they make an action roll until they clear the condition with a successful Knowledge Roll. 5–6: Enthralled. Until the PC makes a successful Presence Roll to clear the condition, you can spotlight them during a GM turn as if they were an adversary. When you do so, choose a target within Close range of the Enthralled PC. The Enthralled PC moves into Melee range of the target and makes a weapon attack against them using a d20 instead of Duality Dice.",Crushing Strike,"When a PC marks HP from Berzug’s standard attack, you can mark a Stress to force them to mark a number of Stress equal to the number of HP they marked. You gain a Fear.",Horrifying,"When a PC fails an attack against Berzug, you gain a Fear. Daggerheart SRD 147",,,,
Dragon Mother Mitera,4,Solo,A gargantuan seven-headed dragon with dazzling diamond scales that shine with every color of the rainbow.,"Birth destruction, control the battlefi eld, fl y,",16,35/65,12,10,+8,Bite & Slash,Close,4d10+10 phy,Ancient +5,Relentless (3),Mitera can be spotlighted up to three times per GM turn. Spend Fear as usual to spotlight her.,Diamond Hide,"Countdown (7). When Mitera fi rst appears, activate the countdown. Mitera gains a bonus to her Diffi culty equal to the countdown die’s current value. It ticks down from Mitera’s “Seven-Headed” feature. When the countdown triggers, Mitera becomes Vulnerable and gains a +2 bonus to attack rolls.",Elemental Breath,"Mark a Stress to have Mitera unleash elemental energy from one head of your choice: 1. Fire. Deal 4d12 magic damage to 1d4+1 targets within Close range. Targets who take damage must mark an Armor Slot or 2 additional HP. 2. Lightning. Deal 4d12 magic damage to 1d6 targets within Far range, so long as each target beyond the fi rst is within Close range of the previous target. 3. Acid. Each PC in front of Mitera within Close range must make an Agility Reaction Roll. Targets who fail must mark 2 Armor Slots and 2 HP. Targets who succeed must mark an Armor Slot and a HP. 4. Poison. A miasma of toxic swamp gas Sickens all targets within Close range of Mitera. While Sickened, a target has disadvantage on action rolls until they mark 1d4 Stress to clear the condition. 5. Ice. Each target in front of Mitera within Close range takes 4d8+8 magic damage and is Restrained by ice until they break free with a successful Strength Roll. Additionally, this area freezes over and a PC must succeed on an Agility Reaction Roll to move through it. 6. Darkness. A cloud of magical shadow fi lls an area within Close range. Creatures inside the cloud except for Mitera are Vulnerable and have disadvantage on action rolls that rely on sight. The cloud dissipates when this Elemental Breath option is removed by Mitera’s “Seven-Headed” feature. 7. Light. A beam of pure light energy deals 28 direct magic damage to each creature in a line within Very Far range.",Tail Swipe,Spend a Fear to attack all targets within Close range. Targets this attack succeeds against take 2d20+10 physical damage and are knocked back to Far range. Targets who mark HP from this attack become Vulnerable until they clear a HP. Targets this attack failed against must mark a Stress.,Fearsome,"When Mitera makes a successful attack roll against a PC or a PC fails a roll within Far range, you gain a Fear.",Seven-Headed,"When Mitera takes damage, roll a d8. Permanently remove the “Elemental Breath” option that corresponds to the result. On a result of 8, or if the corresponding option has already been removed, tick down the Diamond Hide countdown (see “Diamond Hide”). 148 Daggerheart SRD",,
Fallen Shock Troop,4,Minion,A cursed soul bound to the Fallen’s will.,"Crush, dominate, earn relief, punish",18,None,1,1,+2,Cursed Axe,Very Close,12 phy,Ancient Knowledge +2,Minion (12),"The Shock Troop is defeated when they take any damage. For every 12 damage a PC deals to the Shock Troop, defeat an additional Minion within range the attack would succeed against.",Aura of Doom,"When a PC marks HP from an attack by the Shock Troop, they lose a Hope.",Group Attack,"Spend a Fear to choose a target and spotlight all Fallen Shock Troops within Close range of them. Those Minions move into Melee range of the target and make one shared attack roll. On a success, they deal 12 physical damage each. Combine this damage. FALLEN SORCERER Tier  Support A powerful mage bound by the bargains they made in life. Motives & Tactics: Acquire, dishearten, dominate, torment Diffi culty: 19 | Thresholds: 26/42 | HP: 6 | Stress: 5 ATK: +4 | Corrupted Staff : Far | 4d6+10 mag Experience: Ancient Knowledge +2 FEATURES",Confl agration,Spend a Fear to unleash an all-consuming fi restorm and make an attack against all targets within Close range. Targets the Sorcerer succeeds against take 2d10+6 direct magic damage.,Nightmare Tableau,"Mark a Stress to trap a target within Far range in a powerful illusion of their worst fears. While trapped, the target is Restrained and Vulnerable until they break free, ending both conditions, with a successful Instinct Roll.",Slippery,"When the Sorcerer takes damage from an attack, they can teleport up to Far range.",Shackles of Guilt,"Countdown (Loop 2d6). When the Sorcerer is in the spotlight for the fi rst time, activate the countdown. When it triggers, all targets within Far range become Vulnerable and must mark a Stress as they relive their greatest regrets. A target can break free from their regret with a successful Presence or Strength Roll. When a PC fails to break free, they lose a Hope."
Realm-Breaker,4,Solo,"A Fallen God, wreathed in rage and resentment, bearing millennia of experience in breaking heroes’ spirits.","Corrupt, dominate, punish, break the weak",20,36/66,8,5,+7,Barbed Whip,Close,4d8+7 phy,"Conquest +3, History +2, Intimidation +3",Relentless (2),The Realm-Breaker can be spotlighted up to two times per GM turn. Spend Fear as usual to spotlight them.,Firespite Plate Armor,"When the Realm-Breaker takes damage, reduce it by 2d10.",Tormenting Lash,"Mark a Stress to make a standard attack against all targets within Very Close range. When a target uses armor to reduce damage from this attack, they must mark 2 Armor Slots.",All-Consuming Rage,"Countdown (Decreasing 8). When the Realm-Breaker is in the spotlight for the fi rst time, activate the countdown. When it triggers, create a torrent of incarnate rage that rends fl esh from bone. All targets within Far range must make a Presence Reaction Roll. Targets who fail take 2d6+10 direct magic damage. Targets who succeed take half damage. For each HP marked from this damage, summon a Fallen Shock Troop within Very Close range of the target who marked that HP. If the countdown ever decreases its maximum value to 0, the Realm-Breaker marks their remaining HP and all targets within Far range must mark all remaining HP and make a death move.",Doombringer,"When a target marks HP from an attack by the Realm-Breaker, all PCs within Far range of the target must lose a Hope.",I Have Never Known Defeat (Phase Change),"When the Realm-Breaker marks their last HP, replace them with the Undefeated Champion and immediately spotlight them.",,
Undefeated Champion,4,Solo,That which only the most feared have a chance to fear.,"Dispatch merciless death, punish the defi ant,",18,35/58,11,5,+8,Heart-Shattering Sword,Very Close,4d12+13 phy,"Conquest +3, History +2, Intimidation +3",Relentless (3),The Undefeated Champion can be spotlighted up to three times per GM turn. Spend Fear as usual to spotlight them.,Faltering Armor,"When the Undefeated Champion takes damage, reduce it by 1d10.",Shattering Strike,Mark a Stress to make a standard attack against all targets within Very Close range. PCs the Champion succeeds against lose a number of Hope equal to the HP they marked from this attack.,Endless Legions,Spend a Fear to summon a number of Fallen Shock Troops equal to twice the number of PCs. The Shock Troops appear at Far range.,Circle of Defi lement,"Countdown (1d8). When the Undefeated Champion is in the spotlight for the fi rst time, activate the countdown. When it triggers, activate a magical circle covering an area within Far range of the Champion. A target within that area is Vulnerable until they leave the circle. The circle can be removed by dealing Severe damage to the Undefeated Champion.",Momentum,"When the Undefeated Champion makes a successful attack against a PC, you gain a Fear.",Doombringer,"When a target marks HP from an attack by the Undefeated Champion, all PCs within Far range of the target lose a Hope. Daggerheart SRD 149"
Fire Titan Warlord,4,Leader,"A smoldering, battle-obsessed goliath wearing bespoke armor and wielding a massive maul.","Compete against rivals, conquer the weak,",21,33/66,9,8,+6,Maul,Very Close,4d10+10 phy,Tactics +4,Relentless (2),The Warlord can be spotlighted up to two times per GM turn. Spend Fear as usual to spotlight them.,Colossus Crafter,"Countdown (). When the Warlord enters the scene, activate the countdown. It ticks down when the Warlord is spotlighted. When it triggers, summon the Gargantuan War Machine, which appears at the edge of the battlefi eld and immediately takes the spotlight.",Release the Hounds,"Spend a Fear to have the Warlord summon two Demonic Hound Packs, which appear at Close range and immediately take the spotlight.",Spinning Strike,Mark a Stress to make a standard attack against all targets within Very Close range and gain a Fear.,Ground-Breaking,"Spend a Fear to have the Warlord crack the earth with a downward swing of their maul and make an attack against a group within Close range. Targets the attack succeeds against take 4d10+10 direct damage. The area becomes rough terrain, and a PC must succeed on an Agility Reaction Roll (16) to move through it.",,,,
Gargantuan War Machine,4,Solo,"A 100-foot-tall adamantine construct that has gemstone eyes, powered by a chest crucible of elemental fl ame.","Crush, destroy",20,48/88,10,6,+7,Fists of Iron,Close,4d12+10 phy,Unbreakable +3,Relentless (3),The Machine can be spotlighted up to three times per GM turn. Spend Fear as usual to spotlight it.,Awesome Size,"When the Machine enters the battlefi eld, each PC must either lose a Hope or mark 1d4 Stress.",Rocket Punch,"Mark a Stress to make an attack against a PC within Close range. On a success, the target takes 4d12+10 direct physical damage and marks 2 Armor Slots without gaining their benefi ts.",Ground-Breaking Stomp,"Spend a Fear to choose a point within Close range and make an attack roll against all enemies within Close range of that point. Targets the attack succeeds against take 4d12 direct physical damage and are Vulnerable until they are spotlighted. Additionally, the entire area becomes rubble, and a PC must succeed on an Agility Reaction Roll (16) to move through it.",Supercharged,"Countdown (Loop 2d6). When the Machine is spotlighted for the fi rst time, activate the countdown. It ticks down each time the Machine is spotlighted. When it triggers, place a token on this stat block as the Machine’s chest crucible fl ares with magical fl ame. For each token on this stat block, the Machine gains a +1 bonus to Diffi culty and attack rolls, and its standard attack deals an extra 1d12 damage. Remove a token when the Machine takes Severe damage. 150 Daggerheart SRD",,,,
Griffin,4,Standard,"A large leonine creature that has the head, talons, and wings of an eagle.","Hunt, look for an opening, swoop",18,30/45,6,4,+4,Beak & Talons,Very Close,4d8+4 phy,"Riches +5, Keen Senses +3",Treasure Hoarder,"When a PC would mark any number of HP from the Griffi n’s attack, the PC can choose instead to give the Griffi n an equal number of bags of gold.",Swooping Slash,Move up to Far range and make a standard attack against a target along the way.,,,,,,,,,,
Hallowed Archer,4,Ranged,Spirit soldiers with sanctifi ed bows.,"Focus fi re, obey, reposition, volley",19,25/45,3,2,+4,Sanctifi ed Longbow,Far,4d8+8 phy,,Punish the Guilty,The Archer deals double damage to targets marked Guilty by a High Seraph.,Divine Volley,Mark a Stress to make a standard attack against up to three targets.,,,,,,,,,,
Hallowed Soldier,4,Minion,"Souls of the faithful, lifted up with divine weaponry.","Obey, outmaneuver, punish, swarm",18,None,1,2,+2,Sword and Shield,Melee,10 phy,,Minion (13),"The Soldier is defeated when they take any damage. For every 13 damage a PC deals to the Soldier, defeat an additional Minion within range the attack would succeed against.",Divine Flight,"While the Soldier is fl ying, spend a Fear to move up to Far range instead of Close range before taking an action.",Group Attack,"Spend a Fear to choose a target and spotlight all Hallowed Soldiers within Close range of them. Those Minions move into Melee range of the target and make one shared attack roll. On a success, they deal 10 physical damage each. Combine this damage.",,,,,,,,
Harbinger Of Death,4,Skulk,A desiccated corpse riding atop a skeletal horse. Their eyes are sewn shut and their body is wrapped in a burial shroud of dust and ash.,"Bring judgment, cut them down, move swiftly,",18,28/52,6,6,+8,Great Scythe,Close,4d10+10 phy,Judgment +3,Relentless (3),The Harbinger can be spotlighted up to three times per GM turn. Spend Fear as usual to spotlight them.,Mount,"While the Harbinger is on their mount, they gain a +2 bonus to their Diffi culty. When the Harbinger takes Severe damage, they’re knocked from their mount. If the Harbinger is unhorsed, their mount disappears until you mark a Stress to summon it again.",Fear the Reaper,"When a creature is defeated within Far range of the Harbinger, you gain a Fear.",Decapitate,"Spend 2 Fear to have the Harbinger make an attack roll against a PC within Melee range. On a success, roll a d6. On a result of 6, the target marks all HP and must make a death move.",Wake the Fallen,Spend a Fear and mark any number of Stress to have the Harbinger resurrect a defeated ally within Far range. The resurrected ally clears a number of HP equal to the number of Stress marked. Immediately spotlight the ally.,"Ashes to Ashes, Dust to Dust","When the Harbinger would mark HP, you can mark a Stress to have an ally within Far range mark the HP instead. HARBINGER OF FAMINE Tier  Support A dried-out husk of a body riding atop a withered white horse. They are covered in mouths and surrounded by swarming fl ies. Motives & Tactics: Drain, impoverish, weaken, wither Diffi culty: 18 | Thresholds: 26/42 | HP: 6 | Stress: 5 ATK: +4 | Barbed Lash: Close | 4d8+10 phy Experience: Hunger +2, Thirst +2 FEATURES",Relentless (2),The Harbinger can be spotlighted up to two times per GM turn. Spend Fear as usual to spotlight them.
Harbinger Of Pestilence,4,Leader,A bloated and rotting agglomeration of wriggling insects and slugs formed into a single humanoid mass riding a worm-eaten horse.,"Corrupt the pure, infect the weak, summon",18,37/70,7,8,+8,Touch of Corruption,Melee,4d10+10 mag,Rot +3,Halo of Contagion,"The Harbinger is Contagious. When a PC within Very Close range of a Contagious creature takes an action, the PC rolls a d6. On a result of 1, the PC becomes Contagious. While Contagious, a PC has disadvantage on action rolls until they spend 3 Hope to clear the condition. Contagious adversaries are unaff ected by the condition.",Mount,"While the Harbinger is on their mount, they gain a +2 bonus to their Diffi culty. When the Harbinger takes Severe damage, they’re knocked from their mount. If the Harbinger is unhorsed, their mount disappears until you mark a Stress to summon it again.",Locust Swarm,"Spend 2 Fear to have the Harbinger conjure a swarm of locusts at a point within Very Far range. Each PC within Close range of that point must either mark an Armor Slot or take 4d10 direct physical damage and roll a d6. On a result of 1–2, the PC becomes Contagious.",Frog Spawn,"Spend a Fear to have the Harbinger conjure a clutch of diseased frogs inside the mouths of up to three PCs within Close range. Each PC must succeed on a Presence Reaction Roll or take 4d12 magic damage and roll a d6. On a result of 1–3, the PC becomes Contagious.",Plague Bringer,"Mark any number of Stress up to the number of PCs in the scene. For each Stress you mark, the Harbinger summons 1d4 Contagious Zombie Legions within Far range and immediately spotlights one of them. 152 Daggerheart SRD",,,,
Harbinger Of War,4,Bruiser,A warrior clad in black armor and a horned helmet and bearing a bloody banner.,"Destroy utterly, fi ght honorably, relish combat,",21,40/70,9,4,+5,Battle Axe,Very Close,4d20 phy,Heavy Armor +3,Relentless (2),The Harbinger can be spotlighted up to two times per GM turn. Spend Fear as usual to spotlight them.,Mount,"While the Harbinger is on their mount, they gain a +2 bonus to their Diffi culty. When the Harbinger takes Severe damage, they’re knocked from their mount. If the Harbinger is unhorsed, their mount disappears until you mark a Stress to summon it again.",Iron Dice,"Mark a Stress to have the Harbinger attempt a risky all-out attack. Make a standard attack with advantage. On a success, the target marks an additional HP. On a failure, the Harbinger becomes Vulnerable until they take or deal damage.",Supreme Commander,"Once per scene, spend a Fear to summon 1d6 Hallowed Soldiers within Close range and immediately spotlight one of them.",Battering Ram,"When a PC fails an action roll within Close range, you can spend a Fear to move into Melee range with the PC and make a standard attack with advantage against them. On a success, the PC takes standard damage and is Vulnerable until they are spotlighted.",,,,
High Seraph,4,Leader,"A divine champion, head of a hallowed host of warriors who enforce their god’s will.","Enforce dogma, fl y, pronounce judgment, smite",20,37/70,7,5,+8,Holy Sword,Very Close,4d10+10 phy,Divine Knowledge +3,Relentless (3),The Seraph can be spotlighted up to three times per GM turn. Spend Fear as usual to spotlight them.,Divine Flight,"While the Seraph is fl ying, spend a Fear to move up to Far range instead of Close range before taking an action.",Judgment,"Spend a Fear to make a target Guilty in the eyes of the Seraph’s god until the Seraph is defeated. While Guilty, the target doesn’t gain Hope on a result with Hope. When the Seraph succeeds on a standard attack against a Guilty target, they deal Severe damage instead of their standard damage. The Seraph can only mark one target at a time.",God Rays,"Mark a Stress to refl ect a sliver of divinity as a searing beam of light that hits up to twenty targets within Very Far range. Targets must make a Presence Reaction Roll, with disadvantage if they are marked Guilty. Targets who fail take 4d6+12 magic damage. Targets who succeed take half damage.",We Are One,"Once per scene, spend a Fear to spotlight all other adversaries within Far range. Attacks they make while spotlighted in this way deal half damage.",,,,
Kraken,4,Solo,"A legendary beast of the sea, bigger than the largest galleon, with sucker-laden tentacles and a terrifying maw.","Consume, crush, drown, grapple",20,35/70,11,8,+7,Tentacles,Close,4d12+10 phy,Swimming +3,Relentless (3),The Kraken can be spotlighted up to three times per GM turn. Spend Fear as usual to spotlight them.,Many Tentacles,"While the Kraken has 7 or fewer marked HP, they can make their standard attack against two targets within range.",Grapple and Drown,"Make an attack roll against a target within Close range. On a success, mark a Stress to grab them with a tentacle and drag them beneath the water. The target is Restrained and Vulnerable until they break free with a successful Strength Roll or the Kraken takes Major or greater damage. While Restrained and Vulnerable in this way, a target must mark a Stress when they make an action roll.",Boiling Blast,"Spend a Fear to spew a line of boiling water at any number of targets in a line up to Far range. All targets must succeed on an Agility Reaction Roll or take 4d6+9 physical damage. If a target marks an Armor Slot to reduce the damage, they must also mark a Stress.",Momentum,"When the Kraken makes a successful attack against a PC, you gain a Fear.",,,,
Oracle Of Doom,4,Solo,"A towering immortal and incarnation of fate, cursed to only see bad outcomes.","Change environment, condemn, dishearten,",20,38/68,11,10,+8,Psychic Attack,Far,4d8+9 mag,Boundless Knowledge +4,Terrifying,"When the Oracle makes a successful attack, all PCs within Far range lose a Hope and you gain a Fear.",Walls Closing In,"When a creature rolls a failure while within Very Far range of the Oracle, they must mark a Stress.",Pronounce Fate,"Spend a Fear to present a target within Far range with a vision of their personal nightmare. The target must make a Knowledge Reaction Roll. On a failure, they lose all Hope and take 2d20+4 direct magic damage. On a success, they take half damage and lose a Hope.",Summon Tormentors,"Once per day, spend 2 Fear to summon 2d4 Tier 2 or below Minions relevant to one of the PC’s personal nightmares. They appear at Close range relative to that PC.",Ominous Knowledge,"When the Oracle sees a mortal creature, they instantly know one of their personal nightmares.",Vengeful Fate,"When the Oracle marks HP from an attack within Very Close range, you can mark a Stress to knock the attacker back to Far range and deal 2d10+4 physical damage.",,
Outer Realms Abomination,4,Bruiser,"A chaotic mockery of life, constantly in fl ux.","Demolish, devour, undermine",19,35/71,7,5,+2d4,Massive Pseudopod,Very Close,4d6+13 mag,,Chaotic Form,"When the Abomination attacks, roll 2d4 and use the result as their attack modifi er.",Disorienting Presence,"When a target takes damage from the Abomination, they must make an Instinct Reaction Roll. On a failure, they gain disadvantage on their next action roll and you gain a Fear.",Reality Quake,"Spend a Fear to rattle the edges of reality within Far range of the Abomination. All targets within that area must succeed on a Knowledge Reaction Roll or become Unstuck from reality until the end of the scene. When an Unstuck target spends Hope or marks Armor Slots, HP, or Stress, they must double the amount spent or marked.",Unreal Form,"When the Abomination takes damage, reduce it by 1d20. If the Abomination marks 1 or fewer Hit Points from a successful attack against them, you gain a Fear. OUTER REALMS CORRUPTER Tier  Support A shifting, formless mass seemingly made of chromatic light. Motives & Tactics: Confuse, distract, overwhelm Diffi culty: 19 | Thresholds: 27/47 | HP: 4 | Stress: 3 ATK: +7 | Corroding Pseudopod: Very Close | 4d8+5 mag FEATURES",Will-Shattering Touch,"When a PC takes damage from the Corrupter, they lose a Hope.",Disgorge Reality Flotsam,Mark a Stress to spew partially digested portions of consumed realities at all targets within Close range. Targets must succeed on a Knowledge Reaction Roll or mark 2 Stress.,,
Outer Realms Thrall,4,Minion,A vaguely humanoid form stripped of memory and identity.,"Destroy, disgust, disorient, intimidate",17,None,1,1,+3,Claws and Teeth,Very Close,11 phy,,Minion (13),"The Thrall is defeated when they take any damage. For every 13 damage a PC deals to the Thrall, defeat an additional Minion within range the attack would succeed against.",Group Attack,"Spend a Fear to choose a target and spotlight all Outer Realm Thralls within Close range of them. Those Minions move into Melee range of the target and make one shared attack roll. On a success, they deal 11 physical damage each. Combine this damage. Daggerheart SRD 153",,,,,,,,,,
Ruby Dragon,4,Standard,"A huge winged dragon that has visible fl ames beneath its glittering, gem-encrusted scales. Its body heat melts stone.","Crack the earth, melt, protect treasure",19,30/50,6,4,+6,Tooth & Claw,Close,4d10+8 phy,Mountains +4,Relentless (3),The Dragon can be spotlighted up to three times per GM turn. Spend Fear as usual to spotlight it.,Fearsome,"When the Dragon succeeds on an attack against a PC or a PC within Far range fails an action roll, you gain a Fear.",Melting Breath,Mark a Stress to have the Dragon unleash a blast of fi re on all PCs in front of it within Close range. Each target must succeed on an Agility Reaction Roll or take 4d12+10 magic damage and mark an Armor Slot without gaining its benefi ts (they can still use armor to reduce the damage).,Volcanic Fissure,"Spend a Fear to have the Dragon snap its tail against the ground, opening a lava rift that fl ows over the area within Close range. Each PC within that area must make an Agility Reaction Roll. Targets who succeed immediately move out of the area. Targets who fail take 4d8+5 magic damage. Until the Dragon is defeated, a creature who enters the area takes 4d8+5 magic damage.",Hot-Blooded,"When a creature makes a successful attack against the Dragon within Very Close range, the Dragon’s blood erupts from the wound and burns the attacker, forcing them to mark an Armor Slot. If they can’t mark an Armor Slot, they mark 1d4 HP.",,,,
Severed Shadow,4,Minion,A two-dimensional living shadow bound to fl at planes and surfaces.,"Curse the light, slip between the cracks, split",19,None,1,2,+3,Strangle,Close,10 mag,,Minion (12),"The Shadow is defeated when it takes any damage. For every 12 damage a PC deals to the Shadow, the PC defeats an additional Minion within range that the attack would succeed against.",Shadow Grapple,"Mark a Stress to make an attack against a target within Close range. On a success, the target becomes Vulnerable and must mark a Stress when they take an action until the Shadow is defeated.",Group Attack,"Spend a Fear to choose a target and spotlight all Severed Shadows within Close range of them. Those Minions move into Melee range of the target and make one shared attack roll. On a success, they deal 10 magic damage each. Combine this damage.",,,,,,,,
